#,Name,B,Team,ESPN,Y!,Date,GT,$,Opp,Pitcher,%St,LU,PA,AB,H,R,HR,RBI,SB,BB,SO,AVG,OBP,SLG,OPS,R%
1,Paul Goldschmidt,R,STL,1B,1B,4/10,8,50.5,@COL,GMarquez(R),96,Lst7,4.7,4.2,1.4,0.79,0.26,0.81,0.05,0.42,0.89,0.337,0.400,0.599,0.999,100
2,Julio Rodriguez,R,SEA,OF,OF,4/10,7,50.2,@CHC,DSmyly(L),96,Lst7,4.7,4.3,1.2,0.79,0.27,0.62,0.25,0.31,1.03,0.291,0.342,0.545,0.887,100
3,Nolan Arenado,R,STL,3B,3B,4/10,8,44.8,@COL,GMarquez(R),96,Lst7,4.6,4.3,1.4,0.72,0.25,0.84,0.03,0.29,0.54,0.322,0.366,0.584,0.950,100
4,Tyler O’Neill,R,STL,OF,OF,4/10,8,42.1,@COL,GMarquez(R),91,Lst7,4.4,4.1,1.2,0.67,0.25,0.73,0.14,0.28,1.10,0.301,0.353,0.552,0.905,100
5,Mike Trout,R,LAA,OF,OF,4/10,9,37.3,WSH,PCorbin(L),96,Lst7,4.3,3.6,1.1,0.76,0.30,0.67,0.02,0.53,0.86,0.295,0.386,0.609,0.995,100
6,C.J. Cron,R,COL,1B,1B,4/10,8,36.4,STL,SMatz(L),61,Lst7,4.2,3.8,1.1,0.68,0.25,0.84,0.00,0.29,0.92,0.297,0.351,0.573,0.924,100
7,Alec Burleson,L,STL,OF,OF,4/10,8,35.8,@COL,GMarquez(R),54,Lst7,4.8,4.5,1.4,0.77,0.21,0.66,0.03,0.25,0.73,0.311,0.349,0.514,0.863,2
8,Kris Bryant,R,COL,OF,OF,4/10,8,35.4,STL,SMatz(L),96,Lst7,4.4,4.0,1.3,0.76,0.19,0.69,0.03,0.36,0.78,0.318,0.379,0.553,0.932,100
9,Ronald Acuna Jr.,R,ATL,OF,OF,4/10,7,35.3,CIN,GAshcraft(R),96,Lst7,4.3,3.7,1.1,0.67,0.16,0.48,0.29,0.43,0.81,0.282,0.367,0.468,0.835,100
10,Teoscar Hernandez,R,SEA,OF,OF,4/10,7,35.0,@CHC,DSmyly(L),96,Lst7,4.5,4.1,1.1,0.64,0.28,0.72,0.09,0.23,1.13,0.273,0.313,0.533,0.846,100
11,Kyle Tucker,L,HOU,OF,OF,4/10,6,31.9,@PIT,RContreras(R),97,Lst7,4.3,3.8,1.1,0.54,0.19,0.63,0.20,0.41,0.65,0.282,0.353,0.508,0.861,100
12,Willson Contreras,R,STL,C,C,4/10,8,30.3,@COL,GMarquez(R),80,Lst7,4.5,4.0,1.2,0.65,0.20,0.70,0.05,0.32,0.91,0.294,0.361,0.524,0.885,100
13,Jordan Walker,R,STL,3B,3B,4/10,8,29.7,@COL,GMarquez(R),96,Lst7,4.3,3.9,1.3,0.62,0.15,0.59,0.08,0.23,0.91,0.321,0.362,0.533,0.895,100
14,Juan Yepez,R,STL,OF,1B/OF,4/10,8,29.4,@COL,GMarquez(R),21,Lst7,4.3,4.0,1.2,0.65,0.23,0.67,0.02,0.27,0.86,0.295,0.343,0.544,0.887,4
15,Shohei Ohtani,L,LAA,DH,DH,4/10,9,29.2,WSH,PCorbin(L),91,Lst7,4.1,3.7,1.0,0.59,0.23,0.62,0.13,0.39,0.93,0.270,0.342,0.515,0.857,100
16,Elehuris Montero,R,COL,3B,1B/3B,4/10,8,28.8,STL,SMatz(L),96,Lst7,4.1,3.8,1.1,0.63,0.20,0.74,0.02,0.24,0.90,0.298,0.345,0.542,0.887,72
17,Yordan Alvarez,L,HOU,OF,OF,4/10,6,27.7,@PIT,RContreras(R),95,Lst7,4.5,3.9,1.1,0.63,0.23,0.68,0.02,0.52,0.86,0.288,0.374,0.545,0.919,100
18,Taylor Ward,R,LAA,OF,OF,4/10,9,24.4,WSH,PCorbin(L),96,Lst7,4.4,3.9,1.1,0.70,0.19,0.50,0.07,0.40,0.74,0.285,0.354,0.501,0.855,100
19,Tommy Edman,S,STL,2B/SS,2B/SS,4/10,8,24.2,@COL,GMarquez(R),96,Lst7,4.1,3.8,1.1,0.56,0.09,0.47,0.21,0.22,0.59,0.299,0.341,0.447,0.788,100
20,Jurickson Profar,S,COL,OF,OF,4/10,8,24.1,STL,SMatz(L),91,Lst7,4.6,4.1,1.2,0.77,0.13,0.52,0.05,0.36,0.59,0.296,0.356,0.477,0.833,97
21,Ty France,R,SEA,1B,1B/3B,4/10,7,23.7,@CHC,DSmyly(L),96,Lst7,4.6,4.2,1.2,0.68,0.20,0.58,0.01,0.24,0.66,0.287,0.338,0.490,0.828,100
22,Nolan Gorman,L,STL,2B,2B,4/10,8,23.2,@COL,GMarquez(R),79,Lst7,4.4,4.0,1.1,0.60,0.22,0.64,0.03,0.29,1.12,0.274,0.323,0.493,0.816,99
23,Brendan Donovan,L,STL,2B/3B/ OF,1B/2B/ SS/3B/OF,4/10,8,23.2,@COL,GMarquez(R),85,Lst7,5.0,4.4,1.3,0.78,0.11,0.46,0.06,0.42,0.72,0.303,0.372,0.442,0.814,100
24,Corey Seager,L,TEX,SS,SS,4/10,8,21.9,KC,ZGreinke(R),94,Lst7,4.1,3.7,1.1,0.65,0.19,0.55,0.02,0.29,0.49,0.290,0.342,0.526,0.868,100
25,Hunter Renfroe,R,LAA,OF,OF,4/10,9,21.5,WSH,PCorbin(L),96,Lst7,3.9,3.6,1.0,0.55,0.25,0.65,0.02,0.28,0.68,0.265,0.320,0.532,0.852,100
26,Jose Ramirez,S,CLE,3B,3B,4/10,6,20.3,NYY,DGerman(R),96,Lst7,4.0,3.6,0.9,0.54,0.18,0.57,0.13,0.40,0.54,0.253,0.334,0.479,0.813,100
27,Dylan Carlson,S,STL,OF,OF,4/10,8,19.4,@COL,GMarquez(R),46,Lst7,4.3,3.9,1.2,0.59,0.13,0.56,0.05,0.32,0.74,0.297,0.354,0.488,0.842,14
28,Randy Arozarena,R,TB,OF,OF,4/10,6,19.3,BOS,NPivetta(R),96,Lst7,4.1,3.6,0.9,0.47,0.14,0.51,0.26,0.32,1.02,0.240,0.312,0.419,0.731,100
29,Freddie Freeman,L,LAD,1B,1B,4/10,9,19.2,@SF,LWebb(R),97,Lst7,4.6,4.0,1.2,0.60,0.09,0.48,0.10,0.45,0.63,0.302,0.376,0.444,0.820,100
30,Ezequiel Tovar,R,COL,SS,SS,4/10,8,19.0,STL,SMatz(L),96,Lst7,3.7,3.4,1.0,0.57,0.12,0.53,0.07,0.17,0.63,0.304,0.338,0.501,0.839,100
31,Nathaniel Lowe,L,TEX,1B,1B,4/10,8,18.5,KC,ZGreinke(R),97,Lst7,4.0,3.6,1.0,0.56,0.18,0.57,0.02,0.29,0.72,0.286,0.337,0.502,0.839,100
32,Trea Turner,R,PHI,SS,SS,4/10,6,17.8,MIA,SAlcantara(R),96,Lst7,4.2,3.9,1.0,0.50,0.10,0.36,0.29,0.22,0.77,0.260,0.304,0.392,0.696,100
33,Marcus Semien,R,TEX,2B,2B/SS,4/10,8,17.5,KC,ZGreinke(R),96,Lst7,4.2,3.9,1.0,0.61,0.17,0.46,0.12,0.24,0.58,0.256,0.300,0.450,0.750,100
34,Aaron Judge,R,NYY,OF,OF,4/10,6,17.3,@CLE,SBieber(R),96,Lst7,4.4,3.9,1.0,0.57,0.22,0.50,0.07,0.38,1.27,0.253,0.322,0.467,0.789,100
35,Mookie Betts,R,LAD,OF,2B/OF,4/10,9,17.0,@SF,LWebb(R),96,Lst7,4.7,4.2,1.1,0.61,0.11,0.44,0.17,0.38,0.73,0.263,0.333,0.413,0.746,100
36,Eugenio Suarez,R,SEA,3B,3B,4/10,7,16.8,@CHC,DSmyly(L),96,Lst7,4.4,3.9,0.9,0.57,0.24,0.67,0.01,0.36,1.21,0.237,0.306,0.471,0.777,100
37,Alan Trejo,R,COL,SS,2B/SS,4/10,8,16.7,STL,SMatz(L),32,Lst7,3.8,3.5,1.0,0.56,0.15,0.58,0.03,0.15,0.79,0.284,0.314,0.500,0.814,0
38,Bobby Witt Jr.,R,KC,SS/3B,SS/3B,4/10,8,16.5,@TEX,AHeaney(L),96,Lst7,4.5,4.2,1.0,0.56,0.22,0.45,0.12,0.23,1.08,0.245,0.287,0.461,0.748,100
39,AJ Pollock,R,SEA,OF,OF,4/10,7,15.9,@CHC,DSmyly(L),96,Lst7,4.2,3.9,1.0,0.52,0.19,0.57,0.05,0.21,0.76,0.264,0.303,0.469,0.772,2
40,Ketel Marte,S,ARI,2B,2B,4/10,9,15.6,MIL,WMiley(L),96,Lst7,4.3,4.0,1.1,0.67,0.11,0.49,0.03,0.28,0.53,0.289,0.340,0.459,0.799,100
41,Taylor Motter,R,STL,OF,OF,4/10,8,15.4,@COL,GMarquez(R),21,Lst7,4.2,3.7,1.0,0.61,0.18,0.56,0.02,0.39,0.95,0.259,0.332,0.479,0.811,0
42,Austin Riley,R,ATL,3B,3B,4/10,7,15.4,CIN,GAshcraft(R),96,Lst7,4.1,3.7,1.0,0.54,0.17,0.59,0.01,0.30,0.82,0.276,0.342,0.476,0.818,100
43,Elias Diaz,R,COL,C,C,4/10,8,15.3,STL,SMatz(L),69,Lst7,3.9,3.6,1.0,0.56,0.14,0.56,0.01,0.22,0.66,0.290,0.333,0.491,0.824,71
44,Jonathan India,R,CIN,2B,2B,4/10,7,15.2,@ATL,BElder(R),96,Lst7,4.7,4.1,1.1,0.63,0.09,0.42,0.16,0.37,0.91,0.260,0.340,0.386,0.726,100
45,Cal Raleigh,S,SEA,C,C,4/10,7,14.8,@CHC,DSmyly(L),64,Lst7,4.3,3.9,0.9,0.54,0.22,0.63,0.02,0.26,1.04,0.241,0.292,0.476,0.768,100
46,Charlie Blackmon,L,COL,OF,OF,4/10,8,14.2,STL,SMatz(L),66,Lst7,4.3,4.0,1.2,0.57,0.10,0.57,0.02,0.22,0.68,0.288,0.333,0.431,0.764,99
47,Adolis Garcia,R,TEX,OF,OF,4/10,8,14.2,KC,ZGreinke(R),91,Lst7,3.9,3.7,0.9,0.47,0.17,0.57,0.11,0.15,0.88,0.244,0.277,0.448,0.725,100
48,Anthony Rendon,R,LAA,3B,3B,4/10,9,13.0,WSH,PCorbin(L),94,Lst7,4.0,3.6,1.0,0.52,0.15,0.56,0.03,0.40,0.55,0.273,0.350,0.473,0.823,98
49,Brian Serven,R,COL,C,C,4/10,8,13.0,STL,SMatz(L),31,Lst7,3.8,3.4,0.9,0.56,0.16,0.56,0.02,0.24,0.74,0.262,0.315,0.481,0.796,0
50,Josh Naylor,L,CLE,1B,1B/OF,4/10,6,12.9,NYY,DGerman(R),85,Lst7,3.9,3.5,0.9,0.48,0.17,0.59,0.03,0.28,0.61,0.263,0.320,0.471,0.791,100
51,Cedric Mullins,L,BAL,OF,OF,4/10,6,12.8,OAK,JSears(L),91,Lst7,4.2,3.8,0.9,0.50,0.11,0.36,0.26,0.31,0.73,0.235,0.299,0.377,0.676,100
52,Yonathan Daza,R,COL,OF,OF,4/10,8,12.6,STL,SMatz(L),96,Lst7,4.0,3.7,1.2,0.56,0.05,0.47,0.03,0.20,0.59,0.322,0.358,0.453,0.811,5
53,Wander Franco,S,TB,SS,SS,4/10,6,12.4,BOS,NPivetta(R),96,Lst7,4.1,3.7,0.9,0.50,0.12,0.51,0.12,0.34,0.46,0.255,0.322,0.438,0.760,100
54,TJ Friedl,L,CIN,OF,OF,4/10,7,12.3,@ATL,BElder(R),97,Lst7,4.5,4.0,1.0,0.55,0.09,0.45,0.19,0.36,0.82,0.243,0.316,0.372,0.688,90
55,Luis Robert Jr.,R,CHW,OF,OF,4/10,2,12.2,@MIN,KMaeda(R),95,Lst7,4.5,4.2,1.1,0.53,0.14,0.48,0.08,0.19,1.05,0.264,0.301,0.430,0.731,100
56,Matt Olson,L,ATL,1B,1B,4/10,7,12.1,CIN,GAshcraft(R),97,Lst7,4.2,3.7,0.9,0.61,0.17,0.52,0.01,0.45,0.80,0.257,0.344,0.457,0.801,100
57,Brandon Lowe,L,TB,2B,2B,4/10,6,11.9,BOS,NPivetta(R),91,Lst7,4.2,3.7,0.9,0.60,0.20,0.51,0.05,0.44,0.99,0.230,0.316,0.455,0.771,100
58,Salvador Perez,R,KC,C,C,4/10,8,11.8,@TEX,AHeaney(L),90,Lst7,4.2,4.0,1.0,0.46,0.25,0.58,0.00,0.15,1.13,0.242,0.278,0.475,0.753,100
59,Jake Fraley,L,CIN,OF,OF,4/10,7,11.8,@ATL,BElder(R),85,Lst7,4.4,3.9,0.9,0.50,0.11,0.51,0.17,0.45,1.03,0.235,0.319,0.380,0.699,100
60,Joey Meneses,R,WSH,1B/OF,1B/OF,4/10,9,11.4,@LAA,JSuarez(L),96,Lst7,4.3,3.9,1.0,0.50,0.18,0.57,0.01,0.27,0.99,0.259,0.309,0.450,0.759,100
61,Lourdes Gurriel Jr.,R,ARI,OF,OF,4/10,9,11.3,MIL,WMiley(L),96,Lst7,4.1,3.8,1.1,0.51,0.09,0.55,0.02,0.22,0.58,0.290,0.331,0.439,0.770,100
62,Starling Marte,R,NYM,OF,OF,4/10,7,11.0,SD,YDarvish(R),55,Lst7,4.1,3.7,0.8,0.43,0.10,0.36,0.30,0.18,0.88,0.225,0.280,0.366,0.646,100
63,Ryan McMahon,L,COL,3B,2B/3B,4/10,8,10.9,STL,SMatz(L),93,Lst7,4.0,3.6,1.0,0.52,0.13,0.53,0.04,0.31,0.95,0.267,0.329,0.437,0.766,100
64,Sam Haggerty,S,SEA,OF,OF,4/10,7,10.9,@CHC,DSmyly(L),96,Lst7,4.1,3.7,0.9,0.45,0.10,0.41,0.23,0.26,0.91,0.240,0.297,0.385,0.682,0
65,Stone Garrett,R,WSH,OF,OF,4/10,9,10.6,@LAA,JSuarez(L),49,Lst7,4.3,4.0,0.9,0.52,0.20,0.51,0.07,0.22,1.21,0.232,0.277,0.435,0.712,0
66,Christian Walker,R,ARI,1B,1B,4/10,9,10.5,MIL,WMiley(L),96,Lst7,4.0,3.6,0.9,0.51,0.15,0.61,0.01,0.34,0.63,0.256,0.324,0.450,0.774,100
67,Jorge Soler,R,MIA,OF,OF,4/10,6,9.2,@PHI,MStrahm(L),96,Lst7,4.2,3.7,0.8,0.49,0.23,0.59,0.01,0.43,1.17,0.225,0.311,0.458,0.769,100
68,Rafael Devers,L,BOS,3B,3B,4/10,6,9.2,@TB,JBeeks(L),91,Lst7,4.5,4.0,1.0,0.55,0.18,0.50,0.03,0.34,0.99,0.245,0.310,0.429,0.739,100
69,Brandon Drury,R,LAA,1B/2B/ 3B,1B/2B/ 3B,4/10,9,9.1,WSH,PCorbin(L),96,Lst7,3.8,3.6,0.9,0.47,0.17,0.51,0.03,0.20,0.71,0.258,0.301,0.468,0.769,99
70,Ryan Mountcastle,R,BAL,1B,1B,4/10,6,9.1,OAK,JSears(L),96,Lst7,4.0,3.7,0.9,0.47,0.18,0.52,0.04,0.29,0.90,0.247,0.304,0.452,0.756,100
71,Tim Anderson,R,CHW,SS,SS,4/10,2,8.9,@MIN,KMaeda(R),95,Lst7,4.6,4.3,1.2,0.53,0.08,0.38,0.12,0.15,0.99,0.269,0.299,0.386,0.685,100
72,Juan Soto,L,SD,OF,OF,4/10,7,8.9,@NYM,MScherzer(R),97,Lst7,4.3,3.6,0.9,0.50,0.20,0.44,0.05,0.65,0.76,0.242,0.360,0.463,0.823,100
73,Jazz Chisholm Jr.,L,MIA,2B,2B,4/10,6,8.7,@PHI,MStrahm(L),91,Lst7,4.3,3.9,0.8,0.41,0.15,0.50,0.20,0.31,1.27,0.207,0.274,0.365,0.639,100
74,Kyle Schwarber,L,PHI,OF,OF,4/10,6,8.6,MIA,SAlcantara(R),97,Lst7,4.1,3.6,0.8,0.52,0.22,0.48,0.08,0.39,1.13,0.210,0.293,0.435,0.728,100
75,Logan O’Hoppe,R,LAA,C,C,4/10,9,8.3,WSH,PCorbin(L),75,Lst7,3.5,3.1,0.8,0.49,0.16,0.45,0.05,0.30,0.55,0.256,0.326,0.472,0.798,100
76,Luis Rengifo,S,LAA,2B/3B,2B/SS/ 3B,4/10,9,8.2,WSH,PCorbin(L),96,Lst7,3.7,3.5,0.9,0.45,0.13,0.45,0.07,0.18,0.49,0.267,0.308,0.444,0.752,68
77,Andres Gimenez,L,CLE,2B,2B/SS,4/10,6,8.1,NYY,DGerman(R),97,Lst7,3.7,3.4,0.9,0.43,0.12,0.46,0.12,0.21,0.73,0.255,0.314,0.425,0.739,100
78,Jean Segura,R,MIA,2B,2B,4/10,6,7.7,@PHI,MStrahm(L),96,Lst7,4.5,4.1,1.0,0.51,0.10,0.41,0.12,0.32,0.75,0.252,0.314,0.378,0.692,99
79,Yandy Diaz,R,TB,3B,1B/3B,4/10,6,7.7,BOS,NPivetta(R),85,Lst7,4.3,3.7,1.0,0.61,0.10,0.39,0.05,0.54,0.59,0.266,0.363,0.414,0.777,100
80,Steven Kwan,L,CLE,OF,OF,4/10,6,7.7,NYY,DGerman(R),97,Lst7,4.3,3.8,1.0,0.58,0.07,0.36,0.11,0.37,0.43,0.266,0.337,0.393,0.730,100
81,J.T. Realmuto,R,PHI,C,C,4/10,6,7.5,MIA,SAlcantara(R),76,Lst7,4.0,3.7,0.9,0.40,0.11,0.42,0.19,0.22,0.89,0.236,0.294,0.378,0.672,100
82,Kolten Wong,L,SEA,2B,2B,4/10,7,7.4,@CHC,DSmyly(L),34,Lst7,4.4,3.9,1.0,0.51,0.08,0.40,0.15,0.27,0.72,0.249,0.310,0.371,0.681,94
83,Wil Myers,R,CIN,1B/OF,1B/OF,4/10,7,7.3,@ATL,BElder(R),96,Lst7,4.2,3.8,0.9,0.44,0.11,0.52,0.10,0.32,1.13,0.248,0.310,0.389,0.699,99
84,Andrew Knizner,R,STL,C,C,4/10,8,6.6,@COL,GMarquez(R),30,Lst7,4.1,3.8,1.0,0.54,0.10,0.46,0.02,0.28,0.81,0.271,0.329,0.419,0.748,0
85,Pete Alonso,R,NYM,1B,1B,4/10,7,6.3,SD,YDarvish(R),96,Lst7,3.8,3.5,0.8,0.43,0.21,0.53,0.03,0.28,0.84,0.223,0.294,0.455,0.749,100
86,Nico Hoerner,R,CHC,SS,SS,4/10,7,6.2,SEA,LCastillo(R),96,Lst7,4.3,3.9,1.0,0.50,0.06,0.33,0.15,0.22,0.58,0.263,0.310,0.374,0.684,100
87,Evan Longoria,R,ARI,3B,3B,4/10,9,6.1,MIL,WMiley(L),96,Lst7,3.9,3.6,0.9,0.48,0.13,0.56,0.01,0.28,0.76,0.253,0.312,0.428,0.740,0
88,Tom Murphy,R,SEA,C,C,4/10,7,6.0,@CHC,DSmyly(L),36,Lst7,4.0,3.6,0.8,0.50,0.18,0.49,0.02,0.30,1.10,0.235,0.296,0.436,0.732,0
89,Lane Thomas,R,WSH,OF,OF,4/10,9,5.9,@LAA,JSuarez(L),96,Lst7,4.4,4.0,0.9,0.53,0.15,0.46,0.07,0.35,1.00,0.232,0.298,0.412,0.710,87
90,Jarred Kelenic,L,SEA,OF,OF,4/10,7,5.7,@CHC,DSmyly(L),24,Lst7,4.1,3.7,0.9,0.47,0.14,0.46,0.11,0.27,1.00,0.228,0.285,0.403,0.688,100
91,Rowdy Tellez,L,MIL,1B,1B,4/10,9,5.6,@ARI,ZGallen(R),85,Lst7,4.3,3.9,0.9,0.45,0.18,0.56,0.01,0.36,0.93,0.238,0.308,0.431,0.739,100
92,Josh Rojas,L,ARI,2B/3B,2B/3B,4/10,9,5.4,MIL,WMiley(L),38,Lst7,4.3,3.8,1.0,0.58,0.05,0.37,0.10,0.39,0.75,0.262,0.333,0.367,0.700,96
93,Anthony Rizzo,L,NYY,1B,1B,4/10,6,5.3,@CLE,SBieber(R),94,Lst7,4.3,3.8,0.9,0.46,0.16,0.47,0.05,0.31,0.87,0.240,0.310,0.412,0.722,100
94,Jorge Mateo,R,BAL,SS,SS,4/10,6,5.3,OAK,JSears(L),96,Lst7,3.6,3.3,0.7,0.34,0.08,0.34,0.28,0.19,0.83,0.219,0.266,0.364,0.630,100
95,Tyler Stephenson,R,CIN,C,C,4/10,7,5.3,@ATL,BElder(R),75,Lst7,4.3,3.9,1.0,0.45,0.09,0.55,0.03,0.31,0.91,0.267,0.328,0.388,0.716,100
96,Josh Jung,R,TEX,3B,3B,4/10,8,5.3,KC,ZGreinke(R),96,Lst7,3.8,3.6,0.9,0.45,0.16,0.52,0.03,0.16,0.84,0.245,0.283,0.438,0.721,100
97,Ozzie Albies,S,ATL,2B,2B,4/10,7,4.9,CIN,GAshcraft(R),96,Lst7,3.9,3.6,0.9,0.42,0.10,0.49,0.09,0.24,0.60,0.249,0.303,0.396,0.699,100
98,Christian Yelich,L,MIL,OF,OF,4/10,9,4.6,@ARI,ZGallen(R),97,Lst7,4.6,4.0,1.0,0.57,0.11,0.38,0.08,0.53,1.22,0.243,0.335,0.389,0.724,100
99,Amed Rosario,R,CLE,SS,SS/OF,4/10,6,4.4,NYY,DGerman(R),96,Lst7,4.2,3.9,1.0,0.49,0.08,0.40,0.09,0.15,0.74,0.260,0.289,0.383,0.672,100
100,Bubba Thompson,R,TEX,OF,OF,4/10,8,4.2,KC,ZGreinke(R),19,Lst7,3.3,3.2,0.8,0.38,0.07,0.33,0.21,0.12,0.73,0.244,0.276,0.377,0.653,14
101,Alex Call,R,WSH,OF,OF,4/10,9,4.2,@LAA,JSuarez(L),96,Lst7,4.4,3.8,0.9,0.55,0.13,0.42,0.07,0.46,0.89,0.230,0.321,0.395,0.716,0
102,Edward Olivares,R,KC,OF,OF,4/10,8,4.1,@TEX,AHeaney(L),96,Lst7,4.4,4.0,1.0,0.49,0.16,0.42,0.05,0.25,1.01,0.241,0.293,0.412,0.705,35
103,Jake McCarthy,L,ARI,OF,OF,4/10,9,4.1,MIL,WMiley(L),53,Lst7,3.5,3.1,0.8,0.45,0.06,0.38,0.12,0.24,0.60,0.264,0.327,0.395,0.722,100
104,Stuart Fairchild,R,CIN,OF,OF,4/10,7,4.0,@ATL,BElder(R),29,Lst7,3.9,3.5,0.8,0.43,0.10,0.43,0.15,0.30,1.11,0.223,0.301,0.367,0.668,0
105,Gleyber Torres,R,NYY,2B,2B,4/10,6,3.7,@CLE,SBieber(R),96,Lst7,4.1,3.8,0.9,0.39,0.12,0.43,0.12,0.24,0.94,0.243,0.290,0.386,0.676,100
106,Vidal Brujan,S,TB,2B/OF,2B/OF,4/10,6,3.7,BOS,NPivetta(R),20,Lst7,3.6,3.3,0.7,0.37,0.07,0.34,0.27,0.31,0.75,0.209,0.283,0.335,0.618,0
107,Jeremy Pena,R,HOU,SS,SS,4/10,6,3.6,@PIT,RContreras(R),96,Lst7,4.4,4.1,0.9,0.45,0.12,0.42,0.12,0.20,0.98,0.232,0.276,0.370,0.646,100
108,Masataka Yoshida,L,BOS,OF,OF,4/10,6,3.6,@TB,JBeeks(L),91,Lst7,4.3,3.7,1.0,0.44,0.11,0.49,0.03,0.46,0.48,0.261,0.350,0.395,0.745,100
109,Alex Bregman,R,HOU,3B,3B,4/10,6,3.4,@PIT,RContreras(R),96,Lst7,4.6,3.9,1.0,0.58,0.12,0.44,0.02,0.56,0.58,0.244,0.345,0.398,0.743,100
110,Will Smith,R,LAD,C,C,4/10,9,3.3,@SF,LWebb(R),78,Lst7,4.5,4.0,1.0,0.49,0.11,0.51,0.02,0.37,0.75,0.249,0.326,0.395,0.721,100
111,Luke Raley,L,TB,OF,OF,4/10,6,3.2,BOS,NPivetta(R),55,Lst7,3.9,3.5,0.7,0.43,0.16,0.52,0.07,0.31,1.20,0.213,0.295,0.399,0.694,0
112,Gio Urshela,R,LAA,3B,3B,4/10,9,3.1,WSH,PCorbin(L),96,Lst7,3.6,3.3,0.9,0.44,0.11,0.42,0.02,0.20,0.57,0.279,0.320,0.439,0.759,8
113,Jon Berti,R,MIA,2B/3B,2B/3B/ OF,4/10,6,2.9,@PHI,MStrahm(L),96,Lst7,3.7,3.3,0.7,0.39,0.06,0.30,0.27,0.38,0.93,0.218,0.306,0.320,0.626,84
114,Giancarlo Stanton,R,NYY,OF,OF,4/10,6,2.8,@CLE,SBieber(R),91,Lst7,4.2,3.8,0.9,0.43,0.19,0.52,0.00,0.28,1.33,0.228,0.283,0.417,0.700,100
115,Franmil Reyes,R,KC,DH,OF,4/10,8,2.8,@TEX,AHeaney(L),96,Lst7,4.1,3.7,0.8,0.42,0.21,0.50,0.02,0.27,1.38,0.219,0.274,0.436,0.710,5
116,Brad Miller,L,TEX,3B/OF,3B/OF,4/10,8,2.7,KC,ZGreinke(R),54,Lst7,3.5,3.1,0.8,0.44,0.14,0.43,0.04,0.24,0.78,0.248,0.300,0.436,0.736,0
117,Garrett Cooper,R,MIA,1B,1B,4/10,6,2.6,@PHI,MStrahm(L),96,Lst7,4.4,3.9,0.9,0.48,0.14,0.50,0.01,0.38,1.15,0.239,0.314,0.405,0.719,11
118,Keibert Ruiz,S,WSH,C,C,4/10,9,2.6,@LAA,JSuarez(L),72,Lst7,4.1,3.7,1.0,0.43,0.12,0.46,0.03,0.27,0.46,0.259,0.316,0.407,0.723,100
119,Kevin Newman,R,CIN,2B/SS,2B/SS,4/10,7,2.4,@ATL,BElder(R),67,Lst7,3.9,3.6,1.0,0.40,0.04,0.38,0.12,0.18,0.48,0.270,0.307,0.362,0.669,1
120,Corbin Carroll,L,ARI,OF,OF,4/10,9,2.4,MIL,WMiley(L),93,Lst7,3.8,3.4,0.8,0.44,0.09,0.44,0.09,0.30,0.82,0.245,0.316,0.399,0.715,100
121,Mike Moustakas,L,COL,1B/3B,1B/3B,4/10,8,2.3,STL,SMatz(L),9,Lst7,3.9,3.5,0.9,0.49,0.11,0.47,0.02,0.26,0.80,0.249,0.308,0.400,0.708,2
122,Francisco Lindor,S,NYM,SS,SS,4/10,7,2.2,SD,YDarvish(R),96,Lst7,4.0,3.6,0.8,0.40,0.15,0.42,0.13,0.27,0.92,0.214,0.279,0.382,0.661,100
123,Andrew Benintendi,L,CHW,OF,OF,4/10,2,2.2,@MIN,KMaeda(R),94,Lst7,4.4,4.0,1.0,0.47,0.09,0.43,0.06,0.33,0.85,0.254,0.314,0.384,0.698,100
124,Willy Adames,R,MIL,SS,SS,4/10,9,2.2,@ARI,ZGallen(R),96,Lst7,4.4,4.0,0.9,0.44,0.14,0.48,0.04,0.34,1.22,0.235,0.296,0.395,0.691,100
125,Adley Rutschman,S,BAL,C,C,4/10,6,2.1,OAK,JSears(L),90,Lst7,4.2,3.6,0.9,0.52,0.11,0.39,0.04,0.49,0.64,0.248,0.341,0.410,0.751,100
126,Anthony Santander,S,BAL,OF,OF,4/10,6,1.9,OAK,JSears(L),96,Lst7,3.9,3.6,0.8,0.42,0.17,0.52,0.01,0.27,0.79,0.230,0.290,0.425,0.715,100
127,Gabriel Moreno,R,ARI,C,C,4/10,9,1.7,MIL,WMiley(L),78,Lst7,3.6,3.3,0.9,0.45,0.07,0.42,0.02,0.22,0.48,0.283,0.334,0.415,0.749,100
128,Cooper Hummel,S,SEA,OF,C/OF,4/10,7,1.5,@CHC,DSmyly(L),49,Lst7,3.9,3.5,0.8,0.48,0.12,0.42,0.08,0.37,1.02,0.226,0.307,0.392,0.699,0
129,Jose Abreu,R,HOU,1B,1B,4/10,6,1.3,@PIT,RContreras(R),96,Lst7,4.4,3.9,1.0,0.45,0.10,0.51,0.00,0.34,0.79,0.254,0.322,0.397,0.719,100
130,Dansby Swanson,R,CHC,SS,SS,4/10,7,1.3,SEA,LCastillo(R),96,Lst7,4.2,3.8,0.9,0.46,0.11,0.39,0.09,0.28,1.12,0.235,0.292,0.369,0.661,100
131,Austin Hays,R,BAL,OF,OF,4/10,6,1.2,OAK,JSears(L),96,Lst7,3.8,3.5,0.8,0.40,0.13,0.47,0.05,0.22,0.65,0.239,0.291,0.419,0.710,100
132,Miguel Vargas,R,LAD,1B,1B,4/10,9,1.2,@SF,LWebb(R),79,Lst7,4.1,3.6,1.0,0.41,0.06,0.41,0.09,0.34,0.73,0.261,0.331,0.385,0.716,100
133,Mitch Garver,R,TEX,DH,C,4/10,8,0.7,KC,ZGreinke(R),75,Lst7,3.6,3.2,0.8,0.44,0.15,0.43,0.02,0.26,0.80,0.238,0.299,0.425,0.724,67
134,Harold Castro,L,COL,1B/3B,1B/2B/ SS/3B,4/10,8,0.5,STL,SMatz(L),32,Lst7,3.8,3.6,1.0,0.45,0.04,0.40,0.01,0.12,0.67,0.291,0.315,0.383,0.698,0
135,Jesse Winker,L,MIL,OF,OF,4/10,9,0.3,@ARI,ZGallen(R),79,Lst7,4.5,3.9,1.0,0.53,0.11,0.41,0.01,0.47,0.89,0.247,0.335,0.396,0.731,99
136,Jeimer Candelario,S,WSH,3B,3B,4/10,9,0.3,@LAA,JSuarez(L),96,Lst7,4.3,4.0,0.9,0.47,0.13,0.49,0.01,0.28,1.00,0.234,0.289,0.400,0.689,12
137,Nick Fortes,R,MIA,C,C,4/10,6,0.3,@PHI,MStrahm(L),90,Lst7,3.9,3.4,0.8,0.43,0.14,0.42,0.05,0.31,0.76,0.232,0.304,0.394,0.698,37
138,Josh Lowe,L,TB,OF,OF,4/10,6,0.3,BOS,NPivetta(R),65,Lst7,3.6,3.2,0.7,0.39,0.11,0.39,0.14,0.37,1.10,0.217,0.302,0.381,0.683,31
139,Josh Bell,S,CLE,1B,1B,4/10,6,0.2,NYY,DGerman(R),91,Lst7,3.8,3.3,0.8,0.44,0.13,0.47,0.01,0.39,0.68,0.241,0.324,0.414,0.738,100
140,Bryan De La Cruz,R,MIA,OF,OF,4/10,6,0.1,@PHI,MStrahm(L),91,Lst7,4.0,3.7,0.9,0.42,0.14,0.45,0.04,0.27,1.07,0.234,0.290,0.403,0.693,74
141,Oscar Gonzalez,R,CLE,OF,OF,4/10,6,0.1,NYY,DGerman(R),79,Lst7,3.7,3.5,0.9,0.40,0.12,0.45,0.02,0.13,0.72,0.253,0.282,0.423,0.705,97
142,Marcell Ozuna,R,ATL,OF,OF,4/10,7,0.0,CIN,GAshcraft(R),74,Lst7,3.6,3.3,0.8,0.42,0.13,0.43,0.02,0.27,0.72,0.248,0.309,0.408,0.717,94
143,Harold Ramirez,R,TB,1B/OF,1B/OF,4/10,6,-0.2,BOS,NPivetta(R),60,Lst7,3.8,3.5,0.9,0.38,0.09,0.42,0.06,0.17,0.65,0.257,0.301,0.396,0.697,4
144,Alek Thomas,L,ARI,OF,OF,4/10,9,-0.2,MIL,WMiley(L),53,Lst7,3.5,3.2,0.9,0.44,0.06,0.39,0.05,0.22,0.49,0.270,0.324,0.402,0.726,18
145,Thairo Estrada,R,SF,2B/SS,2B/SS/ OF,4/10,9,-0.3,LAD,JUrias(L),95,Lst7,4.2,3.9,0.9,0.47,0.11,0.35,0.08,0.23,0.72,0.238,0.289,0.389,0.678,100
146,Ramon Laureano,R,OAK,OF,OF,4/10,6,-0.3,@BAL,KGibson(R),96,Lst7,4.0,3.7,0.8,0.40,0.12,0.44,0.07,0.23,1.01,0.230,0.292,0.381,0.673,99
147,Esteury Ruiz,R,OAK,OF,OF,4/10,6,-0.5,@BAL,KGibson(R),96,Lst7,3.7,3.3,0.8,0.40,0.07,0.34,0.15,0.25,0.73,0.235,0.308,0.351,0.659,100
148,Manuel Margot,R,TB,OF,OF,4/10,6,-0.7,BOS,NPivetta(R),79,Lst7,3.5,3.2,0.8,0.37,0.07,0.36,0.15,0.25,0.63,0.234,0.294,0.365,0.659,79
149,Tony Kemp,L,OAK,2B/OF,2B/OF,4/10,6,-0.7,@BAL,KGibson(R),94,Lst7,4.6,4.1,1.0,0.55,0.07,0.36,0.04,0.35,0.56,0.249,0.316,0.361,0.677,0
150,Ryan Noda,L,OAK,1B,1B,4/10,6,-0.7,@BAL,KGibson(R),64,Lst7,4.1,3.6,0.8,0.46,0.15,0.47,0.03,0.43,1.27,0.215,0.309,0.391,0.700,0
151,Isaac Paredes,R,TB,1B/2B/ 3B,1B/2B/ 3B,4/10,6,-0.8,BOS,NPivetta(R),72,Lst7,3.8,3.3,0.7,0.43,0.15,0.47,0.02,0.43,0.66,0.223,0.319,0.410,0.729,94
152,Avisail Garcia,R,MIA,OF,OF,4/10,6,-0.9,@PHI,MStrahm(L),61,Lst7,4.1,3.7,0.8,0.41,0.14,0.44,0.05,0.27,1.12,0.227,0.289,0.383,0.672,8
153,Ian Happ,S,CHC,OF,OF,4/10,7,-0.9,SEA,LCastillo(R),96,Lst7,4.0,3.6,0.8,0.43,0.11,0.43,0.06,0.39,1.07,0.230,0.311,0.383,0.694,100
154,Brandon Nimmo,L,NYM,OF,OF,4/10,7,-1.0,SD,YDarvish(R),95,Lst7,4.2,3.6,0.8,0.50,0.11,0.33,0.08,0.40,0.82,0.231,0.321,0.382,0.703,100
155,Sean Murphy,R,ATL,C,C,4/10,7,-1.0,CIN,GAshcraft(R),74,Lst7,3.9,3.4,0.8,0.44,0.11,0.48,0.01,0.34,0.69,0.241,0.322,0.406,0.728,100
156,Robbie Grossman,S,TEX,OF,OF,4/10,8,-1.1,KC,ZGreinke(R),85,Lst7,3.7,3.3,0.8,0.41,0.10,0.39,0.06,0.31,0.76,0.244,0.312,0.393,0.705,26
157,Tommy La Stella,L,SEA,DH,DH,4/10,7,-1.3,@CHC,DSmyly(L),9,Lst7,4.3,3.9,1.0,0.50,0.07,0.38,0.02,0.25,0.58,0.258,0.306,0.365,0.671,0
158,Spencer Steer,R,CIN,3B,1B/3B,4/10,7,-1.4,@ATL,BElder(R),96,Lst7,4.0,3.6,0.8,0.43,0.11,0.45,0.05,0.32,0.87,0.228,0.302,0.379,0.681,36
159,Orlando Arcia,R,ATL,2B,2B/OF,4/10,7,-1.5,CIN,GAshcraft(R),96,Lst7,3.5,3.2,0.8,0.41,0.10,0.40,0.02,0.25,0.58,0.259,0.318,0.396,0.714,22
160,Vinnie Pasquantino,L,KC,1B,1B,4/10,8,-1.5,@TEX,AHeaney(L),49,Lst7,4.0,3.5,0.9,0.40,0.13,0.39,0.01,0.35,0.71,0.254,0.326,0.419,0.745,100
161,Michael Chavis,R,WSH,1B,1B/2B/ 3B,4/10,9,-1.6,@LAA,JSuarez(L),49,Lst7,4.0,3.7,0.8,0.42,0.16,0.46,0.02,0.19,1.20,0.222,0.266,0.400,0.666,0
162,Chas McCormick,R,HOU,OF,OF,4/10,6,-1.6,@PIT,RContreras(R),63,Lst7,4.5,3.9,0.9,0.50,0.10,0.36,0.11,0.44,1.14,0.216,0.298,0.338,0.636,14
163,Ezequiel Duran,R,TEX,3B,2B/3B,4/10,8,-1.6,KC,ZGreinke(R),46,Lst7,3.3,3.2,0.8,0.40,0.10,0.37,0.07,0.13,0.64,0.244,0.277,0.402,0.679,1
164,Miguel Rojas,R,LAD,SS,SS,4/10,9,-1.8,@SF,LWebb(R),49,Lst7,3.9,3.6,0.9,0.38,0.04,0.35,0.12,0.18,0.52,0.256,0.299,0.345,0.644,2
165,Jace Peterson,L,OAK,3B,3B/OF,4/10,6,-1.8,@BAL,KGibson(R),79,Lst7,4.3,3.9,0.9,0.47,0.09,0.40,0.06,0.36,0.99,0.234,0.304,0.360,0.664,1
166,Will Brennan,L,CLE,OF,OF,4/10,6,-1.8,NYY,DGerman(R),64,Lst7,3.6,3.3,0.9,0.39,0.07,0.37,0.06,0.23,0.54,0.262,0.314,0.398,0.712,1
167,J.D. Martinez,R,LAD,DH,DH,4/10,9,-1.9,@SF,LWebb(R),96,Lst7,4.3,3.9,1.0,0.41,0.08,0.50,0.01,0.27,1.08,0.250,0.302,0.380,0.682,100
168,Cody Bellinger,L,CHC,OF,OF,4/10,7,-2.0,SEA,LCastillo(R),97,Lst7,3.9,3.6,0.8,0.38,0.12,0.46,0.09,0.31,1.03,0.213,0.279,0.374,0.653,100
169,William Contreras,R,MIL,C,C,4/10,9,-2.1,@ARI,ZGallen(R),75,Lst7,4.2,3.8,0.9,0.40,0.13,0.47,0.01,0.31,1.16,0.235,0.297,0.389,0.686,100
170,DJ LeMahieu,R,NYY,1B/2B/ 3B,1B/2B/ 3B,4/10,6,-2.2,@CLE,SBieber(R),85,Lst7,4.5,4.1,1.0,0.50,0.08,0.32,0.05,0.30,0.79,0.254,0.307,0.360,0.667,100
171,Jesus Aguilar,R,OAK,1B,1B,4/10,6,-2.3,@BAL,KGibson(R),85,Lst7,4.2,3.9,0.9,0.41,0.13,0.50,0.00,0.26,0.85,0.231,0.283,0.374,0.657,2
172,Jason Vosler,L,CIN,3B,3B,4/10,7,-2.4,@ATL,BElder(R),61,Lst7,4.1,3.7,0.8,0.42,0.11,0.47,0.06,0.31,1.03,0.220,0.288,0.363,0.651,0
173,MJ Melendez,L,KC,C/OF,C/OF,4/10,8,-2.5,@TEX,AHeaney(L),89,Lst7,4.3,3.8,0.8,0.43,0.16,0.43,0.02,0.38,1.20,0.218,0.291,0.391,0.682,100
174,Jonah Heim,S,TEX,C,C,4/10,8,-2.7,KC,ZGreinke(R),67,Lst7,3.5,3.3,0.8,0.41,0.13,0.41,0.02,0.20,0.56,0.237,0.283,0.411,0.694,99
175,Will Benson,L,CIN,OF,OF,4/10,7,-2.7,@ATL,BElder(R),61,Lst7,3.8,3.2,0.7,0.43,0.08,0.37,0.14,0.46,1.10,0.204,0.310,0.333,0.643,15
176,Bryson Stott,L,PHI,2B/SS,2B/SS,4/10,6,-2.8,MIA,SAlcantara(R),97,Lst7,3.7,3.4,0.8,0.34,0.08,0.36,0.14,0.24,0.74,0.231,0.285,0.351,0.636,99
177,Andrew Vaughn,R,CHW,1B/OF,1B/OF,4/10,2,-2.8,@MIN,KMaeda(R),90,Lst7,4.2,3.8,0.9,0.42,0.11,0.46,0.01,0.26,0.88,0.238,0.297,0.393,0.690,100
178,David Peralta,L,LAD,OF,OF,4/10,9,-2.9,@SF,LWebb(R),60,Lst7,4.3,4.0,1.0,0.41,0.07,0.44,0.04,0.26,0.90,0.247,0.297,0.369,0.666,1
179,Eli White,R,ATL,OF,OF,4/10,7,-2.9,CIN,GAshcraft(R),24,Lst7,3.5,3.2,0.7,0.36,0.06,0.32,0.18,0.26,0.97,0.215,0.282,0.325,0.607,0
180,Corey Julks,R,HOU,OF,OF,4/10,6,-3.0,@PIT,RContreras(R),52,Lst7,4.0,3.6,0.8,0.39,0.09,0.38,0.11,0.29,0.98,0.223,0.285,0.356,0.641,2
181,James Outman,L,LAD,OF,OF,4/10,9,-3.2,@SF,LWebb(R),95,Lst7,4.1,3.6,0.8,0.40,0.09,0.42,0.08,0.30,1.26,0.228,0.296,0.373,0.669,95
182,Aledmys Diaz,R,OAK,2B/OF,1B/2B/ SS/3B/OF,4/10,6,-3.3,@BAL,KGibson(R),85,Lst7,4.3,4.1,1.0,0.43,0.10,0.47,0.01,0.21,0.75,0.237,0.283,0.363,0.646,18
183,Ke’Bryan Hayes,R,PIT,3B,3B,4/10,6,-3.4,HOU,FValdez(L),96,Lst7,4.3,3.9,0.9,0.47,0.04,0.33,0.10,0.34,0.83,0.244,0.308,0.335,0.643,100
184,Josh H. Smith,L,TEX,3B/OF,3B/OF,4/10,8,-3.4,KC,ZGreinke(R),54,Lst7,3.5,3.1,0.8,0.40,0.07,0.34,0.07,0.27,0.60,0.252,0.320,0.379,0.699,0
185,Alex Verdugo,L,BOS,OF,OF,4/10,6,-3.7,@TB,JBeeks(L),91,Lst7,4.2,3.8,1.0,0.38,0.08,0.41,0.03,0.29,0.68,0.254,0.311,0.361,0.672,100
186,Gavin Sheets,L,CHW,OF,1B/OF,4/10,2,-3.7,@MIN,KMaeda(R),70,Lst7,4.1,3.7,0.9,0.40,0.13,0.45,0.01,0.28,0.99,0.231,0.288,0.389,0.677,1
187,Nick Castellanos,R,PHI,OF,OF,4/10,6,-3.8,MIA,SAlcantara(R),91,Lst7,3.8,3.6,0.8,0.36,0.10,0.43,0.06,0.19,0.93,0.235,0.281,0.371,0.652,100
188,David Fletcher,R,LAA,2B/SS,2B/SS,4/10,9,-3.8,WSH,PCorbin(L),49,Lst7,3.5,3.2,0.9,0.40,0.04,0.31,0.07,0.16,0.26,0.272,0.308,0.373,0.681,1
189,J.P. Crawford,L,SEA,SS,SS,4/10,7,-3.9,@CHC,DSmyly(L),91,Lst7,3.8,3.4,0.9,0.46,0.05,0.33,0.04,0.30,0.55,0.262,0.329,0.365,0.694,2
190,Luis Arraez,L,MIA,1B/2B,1B/2B,4/10,6,-3.9,@PHI,MStrahm(L),91,Lst7,4.6,4.1,1.1,0.53,0.04,0.30,0.04,0.40,0.45,0.260,0.328,0.335,0.663,100
191,Bryan Reynolds,S,PIT,OF,OF,4/10,6,-3.9,HOU,FValdez(L),96,Lst7,4.2,3.7,0.9,0.46,0.06,0.39,0.04,0.36,0.93,0.246,0.322,0.355,0.677,100
192,Conner Capel,L,OAK,OF,OF,4/10,6,-3.9,@BAL,KGibson(R),64,Lst7,3.9,3.5,0.8,0.41,0.09,0.40,0.05,0.31,0.82,0.233,0.300,0.373,0.673,0
193,Yainer Diaz,R,HOU,C,C,4/10,6,-4.0,@PIT,RContreras(R),24,Lst7,3.9,3.6,0.9,0.41,0.10,0.41,0.03,0.20,0.73,0.240,0.285,0.381,0.666,1
194,Jose Barrero,R,CIN,SS,SS,4/10,7,-4.1,@ATL,BElder(R),67,Lst7,3.8,3.5,0.7,0.38,0.07,0.36,0.15,0.19,1.24,0.210,0.259,0.315,0.574,1
195,Garrett Mitchell,L,MIL,OF,OF,4/10,9,-4.2,@ARI,ZGallen(R),85,Lst7,4.1,3.7,0.9,0.37,0.09,0.38,0.09,0.30,1.30,0.230,0.295,0.367,0.662,98
196,Oscar Colas,L,CHW,OF,OF,4/10,2,-4.2,@MIN,KMaeda(R),85,Lst7,3.9,3.6,0.9,0.38,0.11,0.40,0.03,0.18,1.09,0.240,0.282,0.383,0.665,98
197,Adam Duvall,R,BOS,OF,OF,4/10,6,-4.3,@TB,JBeeks(L),61,Lst7,4.2,3.8,0.8,0.39,0.17,0.49,0.02,0.27,1.32,0.201,0.262,0.375,0.637,100
198,Nick Ahmed,R,ARI,SS,SS,4/10,9,-4.3,MIL,WMiley(L),96,Lst7,3.7,3.4,0.8,0.40,0.07,0.40,0.06,0.22,0.60,0.241,0.290,0.377,0.667,0
199,Yoan Moncada,S,CHW,3B,3B,4/10,2,-4.3,@MIN,KMaeda(R),90,Lst7,4.2,3.8,0.9,0.41,0.11,0.47,0.02,0.34,1.22,0.229,0.298,0.374,0.672,99
200,Pavin Smith,L,ARI,OF,1B/OF,4/10,9,-4.4,MIL,WMiley(L),13,Lst7,3.8,3.4,0.9,0.42,0.07,0.42,0.01,0.29,0.65,0.253,0.315,0.368,0.683,0
201,Justin Turner,R,BOS,3B,3B,4/10,6,-4.5,@TB,JBeeks(L),96,Lst7,4.4,3.9,0.9,0.43,0.09,0.43,0.02,0.39,0.81,0.237,0.317,0.361,0.678,100
202,Trayce Thompson,R,LAD,OF,OF,4/10,9,-4.5,@SF,LWebb(R),29,Lst7,4.1,3.7,0.8,0.39,0.11,0.43,0.07,0.32,1.37,0.211,0.281,0.354,0.635,18
203,Christian Bethancourt,R,TB,C/1B,C/1B,4/10,6,-4.5,BOS,NPivetta(R),38,Lst7,3.5,3.2,0.7,0.38,0.12,0.39,0.06,0.18,0.83,0.221,0.268,0.382,0.650,66
204,Max Muncy,L,LAD,2B/3B,2B/3B,4/10,9,-4.5,@SF,LWebb(R),95,Lst7,4.3,3.7,0.8,0.43,0.10,0.48,0.02,0.50,1.01,0.221,0.322,0.358,0.680,100
205,Manny Machado,R,SD,3B,3B,4/10,7,-4.8,@NYM,MScherzer(R),96,Lst7,4.3,4.0,0.8,0.39,0.15,0.39,0.05,0.25,1.11,0.213,0.262,0.377,0.639,100
206,Oswaldo Cabrera,S,NYY,OF,SS/OF,4/10,6,-4.9,@CLE,SBieber(R),74,Lst7,3.9,3.7,0.8,0.35,0.12,0.37,0.09,0.21,1.17,0.219,0.263,0.362,0.625,82
207,Kevin Pillar,R,ATL,OF,OF,4/10,7,-5.0,CIN,GAshcraft(R),24,Lst7,3.6,3.4,0.8,0.38,0.08,0.39,0.05,0.16,0.68,0.238,0.286,0.371,0.657,0
208,Chris Taylor,R,LAD,2B/OF,2B/OF,4/10,9,-5.0,@SF,LWebb(R),91,Lst7,3.9,3.5,0.8,0.39,0.05,0.35,0.10,0.28,1.15,0.234,0.299,0.342,0.641,44
209,Victor Robles,R,WSH,OF,OF,4/10,9,-5.0,@LAA,JSuarez(L),96,Lst7,3.8,3.4,0.8,0.39,0.07,0.35,0.10,0.22,0.90,0.224,0.285,0.356,0.641,8
210,Rob Refsnyder,R,BOS,OF,OF,4/10,6,-5.1,@TB,JBeeks(L),96,Lst7,4.6,4.0,0.9,0.53,0.09,0.34,0.04,0.45,1.27,0.224,0.312,0.345,0.657,0
211,Eddie Rosario,L,ATL,OF,OF,4/10,7,-5.3,CIN,GAshcraft(R),64,Lst7,3.7,3.5,0.8,0.38,0.09,0.40,0.05,0.20,0.64,0.233,0.280,0.363,0.643,2
212,Mauricio Dubon,R,HOU,SS/OF,SS/OF,4/10,6,-5.3,@PIT,RContreras(R),52,Lst7,3.9,3.6,0.9,0.39,0.07,0.36,0.07,0.22,0.56,0.239,0.288,0.351,0.639,0
213,Travis Jankowski,L,TEX,DH,OF,4/10,8,-5.5,KC,ZGreinke(R),24,Lst7,3.5,3.1,0.8,0.38,0.04,0.29,0.11,0.32,0.61,0.249,0.321,0.338,0.659,0
214,Alec Bohm,R,PHI,3B,1B/3B,4/10,6,-6.0,MIA,SAlcantara(R),96,Lst7,3.7,3.4,0.9,0.34,0.08,0.35,0.05,0.18,0.72,0.250,0.294,0.368,0.662,100
215,Yuli Gurriel,R,MIA,1B,1B,4/10,6,-6.1,@PHI,MStrahm(L),57,Lst7,4.0,3.6,0.9,0.39,0.08,0.37,0.03,0.26,0.54,0.244,0.300,0.373,0.673,0
216,Jason Heyward,L,LAD,OF,OF,4/10,9,-6.2,@SF,LWebb(R),48,Lst7,3.9,3.5,0.8,0.40,0.06,0.37,0.05,0.27,0.75,0.239,0.300,0.355,0.655,0
217,Myles Straw,R,CLE,OF,OF,4/10,6,-6.4,NYY,DGerman(R),96,Lst7,3.4,3.1,0.7,0.35,0.02,0.27,0.16,0.29,0.57,0.241,0.309,0.310,0.619,33
218,Brent Rooker,R,OAK,OF,OF,4/10,6,-6.5,@BAL,KGibson(R),64,Lst7,3.8,3.4,0.7,0.41,0.13,0.42,0.01,0.30,1.19,0.209,0.287,0.376,0.663,0
219,J.D. Davis,R,SF,3B,1B/3B,4/10,9,-6.6,LAD,JUrias(L),79,Lst7,3.9,3.4,0.8,0.36,0.11,0.43,0.01,0.34,1.14,0.230,0.308,0.387,0.695,1
220,Ramon Urias,R,BAL,2B/3B,2B/3B,4/10,6,-6.6,OAK,JSears(L),96,Lst7,3.7,3.4,0.8,0.38,0.11,0.38,0.02,0.28,0.77,0.233,0.298,0.390,0.688,5
221,David Hensley,R,HOU,3B,3B,4/10,6,-6.7,@PIT,RContreras(R),74,Lst7,4.1,3.6,0.8,0.38,0.05,0.34,0.10,0.42,1.04,0.229,0.313,0.335,0.648,5
222,Jeff McNeil,L,NYM,2B/OF,2B/OF,4/10,7,-6.8,SD,YDarvish(R),97,Lst7,3.7,3.4,0.9,0.34,0.08,0.37,0.03,0.20,0.50,0.249,0.303,0.381,0.684,100
223,Gunnar Henderson,L,BAL,3B,SS/3B,4/10,6,-6.8,OAK,JSears(L),49,Lst7,3.5,3.0,0.7,0.38,0.09,0.34,0.07,0.41,0.88,0.223,0.320,0.375,0.695,100
224,Wilmer Flores,R,SF,1B/2B/ 3B,1B/2B/ 3B,4/10,9,-7.0,LAD,JUrias(L),79,Lst7,4.1,3.7,0.8,0.43,0.12,0.38,0.01,0.30,0.68,0.226,0.288,0.383,0.671,30
225,Ildemaro Vargas,S,WSH,3B,SS/3B,4/10,9,-7.0,@LAA,JSuarez(L),24,Lst7,3.9,3.6,0.9,0.38,0.07,0.36,0.03,0.19,0.56,0.246,0.287,0.363,0.650,0
226,Brice Turang,L,MIL,SS,SS,4/10,9,-7.0,@ARI,ZGallen(R),79,Lst7,3.9,3.4,0.8,0.37,0.06,0.33,0.07,0.33,0.85,0.238,0.306,0.354,0.660,67
227,Luis Garcia,L,WSH,2B/SS,2B/SS,4/10,9,-7.0,@LAA,JSuarez(L),32,Lst7,3.9,3.7,0.9,0.38,0.10,0.37,0.03,0.16,0.81,0.233,0.268,0.358,0.626,57
228,Jake Meyers,R,HOU,OF,OF,4/10,6,-7.0,@PIT,RContreras(R),40,Lst7,4.0,3.6,0.8,0.40,0.07,0.36,0.07,0.30,1.00,0.225,0.291,0.349,0.640,0
229,Brandon Marsh,L,PHI,OF,OF,4/10,6,-7.1,MIA,SAlcantara(R),76,Lst7,3.4,3.2,0.7,0.33,0.07,0.31,0.14,0.21,1.05,0.215,0.269,0.344,0.613,65
230,Jake Burger,R,CHW,3B,3B,4/10,2,-7.1,@MIN,KMaeda(R),20,Lst7,4.0,3.7,0.8,0.39,0.12,0.41,0.01,0.22,1.28,0.224,0.273,0.374,0.647,0
231,Eric Hosmer,L,CHC,1B,1B,4/10,7,-7.2,SEA,LCastillo(R),75,Lst7,3.6,3.3,0.8,0.36,0.08,0.35,0.02,0.26,0.67,0.253,0.312,0.375,0.687,0
232,Jake Lamb,L,LAA,DH,OF,4/10,9,-7.2,WSH,PCorbin(L),9,Lst7,3.8,3.4,0.7,0.41,0.12,0.40,0.02,0.33,1.02,0.212,0.288,0.361,0.649,0
233,Carlos Correa,R,MIN,SS,SS,4/10,2,-7.3,CHW,DCease(R),100,Live,4.1,3.6,0.8,0.45,0.11,0.37,0.01,0.45,1.00,0.218,0.312,0.374,0.686,100
234,Willie Calhoun,L,NYY,DH,DH,4/10,6,-7.3,@CLE,SBieber(R),22,Lst7,3.8,3.5,0.8,0.37,0.10,0.36,0.02,0.23,0.69,0.240,0.289,0.379,0.668,0
235,Dominic Smith,L,WSH,1B,1B,4/10,9,-7.4,@LAA,JSuarez(L),66,Lst7,4.2,3.8,0.9,0.40,0.09,0.43,0.01,0.29,0.93,0.224,0.291,0.349,0.640,16
236,Sam Hilliard,L,ATL,OF,OF,4/10,7,-7.6,CIN,GAshcraft(R),49,Lst7,3.4,3.0,0.6,0.39,0.08,0.34,0.08,0.31,0.96,0.209,0.287,0.347,0.634,0
237,Gabriel Arias,R,CLE,DH,3B,4/10,6,-7.6,NYY,DGerman(R),29,Lst7,3.5,3.2,0.7,0.38,0.09,0.37,0.03,0.23,0.90,0.229,0.287,0.363,0.650,0
238,Geraldo Perdomo,S,ARI,SS,SS/3B,4/10,9,-7.6,MIL,WMiley(L),28,Lst7,3.5,3.1,0.8,0.41,0.04,0.34,0.05,0.30,0.53,0.243,0.316,0.346,0.662,0
239,Anthony Volpe,R,NYY,SS,SS,4/10,6,-7.6,@CLE,SBieber(R),96,Lst7,3.6,3.3,0.7,0.34,0.07,0.29,0.16,0.23,0.96,0.207,0.267,0.329,0.596,100
240,Garrett Hampson,R,MIA,SS/OF,2B/SS/ 3B/OF,4/10,6,-7.7,@PHI,MStrahm(L),9,Lst7,3.8,3.4,0.7,0.36,0.07,0.31,0.16,0.29,1.04,0.201,0.268,0.309,0.577,0
241,Isiah Kiner-Falefa,R,NYY,SS,SS,4/10,6,-7.7,@CLE,SBieber(R),24,Lst7,3.8,3.6,0.9,0.31,0.03,0.28,0.13,0.14,0.62,0.244,0.279,0.319,0.598,1
242,Raimel Tapia,L,BOS,OF,OF,4/10,6,-7.8,@TB,JBeeks(L),9,Lst7,4.0,3.7,0.9,0.36,0.05,0.32,0.10,0.21,0.81,0.230,0.274,0.326,0.600,0
243,Franchy Cordero,L,NYY,1B/OF,1B/OF,4/10,6,-7.8,@CLE,SBieber(R),45,Lst7,3.8,3.4,0.8,0.36,0.11,0.35,0.05,0.25,1.33,0.219,0.274,0.368,0.642,0
244,David Villar,R,SF,3B,1B/3B,4/10,9,-7.8,LAD,JUrias(L),80,Lst7,3.8,3.3,0.7,0.36,0.13,0.42,0.01,0.33,1.07,0.216,0.297,0.390,0.687,2
245,Matt Thaiss,L,LAA,C,C/1B,4/10,9,-7.9,WSH,PCorbin(L),25,Lst7,3.5,3.1,0.7,0.42,0.10,0.34,0.04,0.36,0.76,0.217,0.302,0.354,0.656,0
246,Cesar Salazar,L,HOU,C,C,4/10,6,-7.9,@PIT,RContreras(R),24,Lst7,3.9,3.5,0.8,0.39,0.09,0.37,0.06,0.22,0.81,0.215,0.271,0.350,0.621,0
247,Edmundo Sosa,R,PHI,SS/3B,SS/3B,4/10,6,-8.1,MIA,SAlcantara(R),31,Lst7,3.4,3.2,0.7,0.32,0.06,0.30,0.12,0.11,0.75,0.225,0.272,0.331,0.603,1
248,Shea Langeliers,R,OAK,DH,C,4/10,6,-8.1,@BAL,KGibson(R),88,Lst7,3.9,3.5,0.8,0.38,0.11,0.40,0.01,0.24,0.98,0.223,0.277,0.360,0.637,82
249,Elvis Andrus,R,CHW,SS,SS,4/10,2,-8.2,@MIN,KMaeda(R),95,Lst7,3.7,3.4,0.8,0.36,0.06,0.31,0.09,0.18,0.67,0.232,0.275,0.339,0.614,89
250,Christian Arroyo,R,BOS,2B,1B/2B/ SS/3B/OF,4/10,6,-8.3,@TB,JBeeks(L),96,Lst7,4.0,3.7,0.8,0.36,0.08,0.36,0.06,0.22,0.85,0.227,0.279,0.349,0.628,6
251,Nick Gordon,L,MIN,2B/OF,2B/SS/ OF,4/10,2,-8.3,CHW,DCease(R),100,Live,3.9,3.5,0.7,0.31,0.07,0.38,0.13,0.23,1.03,0.206,0.264,0.331,0.595,85
252,Brett Phillips,L,LAA,OF,OF,4/10,9,-8.4,WSH,PCorbin(L),9,Lst7,3.6,3.2,0.6,0.38,0.10,0.32,0.13,0.32,1.18,0.184,0.265,0.314,0.579,0
253,Riley Adams,R,WSH,C,C,4/10,9,-8.5,@LAA,JSuarez(L),28,Lst7,3.9,3.5,0.7,0.41,0.13,0.39,0.02,0.32,1.20,0.205,0.285,0.369,0.654,0
254,Austin Barnes,R,LAD,C,C,4/10,9,-8.8,@SF,LWebb(R),30,Lst7,3.8,3.4,0.8,0.39,0.06,0.33,0.07,0.29,0.80,0.229,0.298,0.320,0.618,0
255,Joey Wiemer,R,MIL,OF,OF,4/10,9,-8.8,@ARI,ZGallen(R),71,Lst7,3.7,3.4,0.7,0.37,0.09,0.34,0.07,0.26,1.12,0.216,0.276,0.348,0.624,32
256,Curt Casali,R,CIN,C,C,4/10,7,-8.9,@ATL,BElder(R),20,Lst7,3.8,3.4,0.7,0.41,0.08,0.38,0.04,0.34,1.07,0.214,0.296,0.329,0.625,0
257,Miles Mastrobuoni,L,CHC,2b,2b,4/10,7,-9.0,SEA,LCastillo(R),47,Lst7,3.5,3.1,0.8,0.35,0.05,0.30,0.07,0.28,0.78,0.248,0.312,0.347,0.659,0
258,Francisco Mejia,S,TB,C,C,4/10,6,-9.1,BOS,NPivetta(R),58,Lst7,3.4,3.2,0.7,0.38,0.10,0.37,0.02,0.17,0.73,0.218,0.267,0.374,0.641,10
259,Luke Voit,R,MIL,1B,1B,4/10,9,-9.2,@ARI,ZGallen(R),29,Lst7,4.1,3.7,0.8,0.38,0.12,0.41,0.01,0.31,1.37,0.210,0.282,0.359,0.641,2
260,Mike Zunino,R,CLE,C,C,4/10,6,-9.3,NYY,DGerman(R),61,Lst7,3.5,3.2,0.6,0.39,0.15,0.41,0.01,0.21,1.17,0.189,0.248,0.368,0.616,33
261,Tim Locastro,R,NYM,OF,OF,4/10,7,-9.3,SD,YDarvish(R),19,Lst7,3.4,3.1,0.6,0.29,0.05,0.25,0.23,0.15,0.88,0.182,0.250,0.288,0.538,0
262,Triston Casas,L,BOS,1B,1B,4/10,6,-9.3,@TB,JBeeks(L),34,Lst7,3.8,3.3,0.7,0.41,0.12,0.37,0.02,0.49,1.01,0.202,0.311,0.356,0.667,100
263,CJ Abrams,L,WSH,SS,2B/SS,4/10,9,-9.3,@LAA,JSuarez(L),82,Lst7,3.7,3.4,0.8,0.36,0.05,0.30,0.09,0.14,0.73,0.229,0.271,0.324,0.595,86
264,Xander Bogaerts,R,SD,SS,SS,4/10,7,-9.5,@NYM,MScherzer(R),96,Lst7,4.1,3.8,0.8,0.33,0.11,0.39,0.03,0.26,1.01,0.218,0.277,0.357,0.634,100
265,Connor Wong,R,BOS,C,C,4/10,6,-9.5,@TB,JBeeks(L),48,Lst7,3.7,3.4,0.7,0.37,0.10,0.35,0.05,0.23,1.04,0.212,0.266,0.351,0.617,0
266,Jesus Sanchez,L,MIA,OF,OF,4/10,6,-9.5,@PHI,MStrahm(L),9,Lst7,4.0,3.6,0.7,0.38,0.12,0.40,0.03,0.31,1.25,0.204,0.275,0.339,0.614,2
267,Patrick Wisdom,R,CHC,3B,1B/3B/ OF,4/10,7,-9.6,SEA,LCastillo(R),82,Lst7,3.7,3.3,0.6,0.36,0.14,0.39,0.05,0.29,1.38,0.184,0.258,0.353,0.611,5
268,Chadwick Tromp,R,ATL,C,C,4/10,7,-9.6,CIN,GAshcraft(R),26,Lst7,3.5,3.2,0.7,0.38,0.09,0.37,0.02,0.18,0.73,0.225,0.272,0.354,0.626,0
269,Trent Grisham,L,SD,OF,OF,4/10,7,-9.6,@NYM,MScherzer(R),97,Lst7,4.5,4.0,0.7,0.43,0.15,0.32,0.08,0.34,1.50,0.185,0.258,0.337,0.595,86
270,Trey Mancini,R,CHC,1B/OF,1B/OF,4/10,7,-10.0,SEA,LCastillo(R),82,Lst7,3.8,3.5,0.8,0.36,0.10,0.41,0.00,0.27,0.99,0.223,0.288,0.355,0.643,99
271,Jose Herrera,S,ARI,C,C,4/10,9,-10.3,MIL,WMiley(L),25,Lst7,3.5,3.1,0.7,0.41,0.05,0.34,0.02,0.31,0.64,0.236,0.309,0.338,0.647,0
272,Kody Clemens,L,PHI,DH,1B/2B/ 3B/OF,4/10,6,-10.3,MIA,SAlcantara(R),46,Lst7,3.4,3.2,0.6,0.34,0.11,0.35,0.06,0.20,0.88,0.199,0.251,0.360,0.611,0
273,Jake Cave,L,PHI,OF,OF,4/10,6,-10.4,MIA,SAlcantara(R),69,Lst7,3.4,3.1,0.6,0.33,0.08,0.31,0.09,0.23,1.00,0.206,0.270,0.343,0.613,0
274,Andrew McCutchen,R,PIT,OF,OF,4/10,6,-10.5,HOU,FValdez(L),96,Lst7,4.1,3.6,0.8,0.38,0.05,0.39,0.05,0.44,0.84,0.217,0.308,0.311,0.619,35
275,Taylor Walls,S,TB,2B/SS/ 3B,2B/SS/ 3B,4/10,6,-10.5,BOS,NPivetta(R),60,Lst7,3.5,3.1,0.6,0.36,0.07,0.32,0.12,0.39,0.91,0.188,0.283,0.314,0.597,0
276,Hanser Alberto,R,CHW,2B/3B,2B/3B,4/10,2,-10.6,@MIN,KMaeda(R),20,Lst7,3.9,3.8,0.9,0.35,0.04,0.35,0.03,0.09,0.63,0.245,0.269,0.345,0.614,0
277,Jose Miranda,R,MIN,1B/3B,1B/3B,4/10,2,-10.6,CHW,DCease(R),100,Live,4.0,3.6,0.8,0.36,0.10,0.39,0.02,0.28,0.86,0.214,0.282,0.357,0.639,100
278,Michael Massey,L,KC,2B,2B,4/10,8,-10.6,@TEX,AHeaney(L),24,Lst7,4.0,3.7,0.8,0.35,0.09,0.35,0.03,0.17,1.15,0.225,0.268,0.347,0.615,50
279,James McCann,R,BAL,C,C,4/10,6,-10.7,OAK,JSears(L),35,Lst7,3.4,3.1,0.7,0.35,0.08,0.32,0.04,0.22,0.74,0.221,0.280,0.354,0.634,0
280,Adam Frazier,L,BAL,2B/OF,2B/OF,4/10,6,-10.7,OAK,JSears(L),49,Lst7,3.6,3.3,0.8,0.33,0.04,0.28,0.08,0.25,0.40,0.240,0.300,0.333,0.633,10
281,Brian Anderson,R,MIL,3B/OF,3B/OF,4/10,9,-10.7,@ARI,ZGallen(R),96,Lst7,4.0,3.6,0.8,0.37,0.09,0.36,0.02,0.32,1.16,0.219,0.295,0.352,0.647,15
282,Nate Eaton,R,KC,OF,3B/OF,4/10,8,-10.7,@TEX,AHeaney(L),49,Lst7,3.7,3.4,0.7,0.34,0.08,0.30,0.09,0.22,1.07,0.212,0.265,0.339,0.604,2
283,Kyle Isbel,L,KC,OF,OF,4/10,8,-10.9,@TEX,AHeaney(L),49,Lst7,3.6,3.3,0.7,0.34,0.07,0.28,0.08,0.20,1.09,0.220,0.274,0.334,0.608,4
284,Daniel Vogelbach,L,NYM,DH,DH,4/10,7,-11.0,SD,YDarvish(R),64,Lst7,3.6,3.1,0.6,0.36,0.14,0.36,0.01,0.44,0.98,0.195,0.298,0.372,0.670,1
285,Luke Maile,R,CIN,C,C,4/10,7,-11.2,@ATL,BElder(R),17,Lst7,3.8,3.4,0.8,0.39,0.05,0.35,0.04,0.30,1.04,0.224,0.294,0.321,0.615,0
286,Tommy Pham,R,NYM,OF,OF,4/10,7,-11.3,SD,YDarvish(R),29,Lst7,3.8,3.4,0.6,0.34,0.09,0.31,0.11,0.28,1.13,0.189,0.259,0.313,0.572,8
287,Yan Gomes,R,CHC,C,C,4/10,7,-11.3,SEA,LCastillo(R),57,Lst7,3.5,3.3,0.7,0.34,0.09,0.34,0.02,0.14,0.74,0.226,0.264,0.352,0.616,11
288,Kyle Higashioka,R,NYY,C,C,4/10,6,-11.4,@CLE,SBieber(R),40,Lst7,3.7,3.5,0.7,0.35,0.12,0.35,0.02,0.15,1.02,0.209,0.244,0.352,0.596,0
289,Matt Duffy,R,KC,3B,1B/2B/ 3B,4/10,8,-11.4,@TEX,AHeaney(L),96,Lst7,3.9,3.6,0.9,0.33,0.06,0.30,0.02,0.22,0.86,0.249,0.300,0.341,0.641,0
290,Ryan McKenna,R,BAL,OF,OF,4/10,6,-11.4,OAK,JSears(L),96,Lst7,3.4,3.0,0.6,0.35,0.08,0.30,0.07,0.30,0.94,0.207,0.285,0.337,0.622,0
291,Hunter Dozier,R,KC,1B/3B/ OF,1B/3B/ OF,4/10,8,-11.7,@TEX,AHeaney(L),96,Lst7,3.8,3.5,0.7,0.36,0.11,0.34,0.03,0.26,1.15,0.208,0.267,0.361,0.628,2
292,Josh Harrison,R,PHI,2B/3B,2B/3B,4/10,6,-11.8,MIA,SAlcantara(R),23,Lst7,3.5,3.3,0.8,0.32,0.05,0.29,0.07,0.14,0.58,0.233,0.284,0.324,0.608,0
293,Yasmani Grandal,S,CHW,C,C,4/10,2,-11.9,@MIN,KMaeda(R),78,Lst7,3.9,3.3,0.7,0.39,0.11,0.35,0.01,0.48,0.99,0.207,0.311,0.344,0.655,100
294,Victor Caratini,S,MIL,C,C,4/10,9,-12.0,@ARI,ZGallen(R),40,Lst7,4.0,3.5,0.8,0.36,0.08,0.34,0.01,0.32,0.94,0.225,0.299,0.344,0.643,0
295,Nick Madrigal,R,CHC,2B,2B,4/10,7,-12.4,SEA,LCastillo(R),39,Lst7,3.5,3.2,0.8,0.32,0.02,0.28,0.04,0.19,0.45,0.256,0.305,0.332,0.637,0
296,Carlos Perez,R,OAK,C,C,4/10,6,-12.6,@BAL,KGibson(R),25,Lst7,3.8,3.5,0.7,0.38,0.11,0.38,0.00,0.23,0.82,0.200,0.259,0.342,0.601,0
297,Carlos Santana,S,PIT,1B,1B,4/10,6,-12.7,HOU,FValdez(L),96,Lst7,4.0,3.5,0.8,0.35,0.06,0.41,0.00,0.43,0.61,0.223,0.312,0.310,0.622,2
298,Enrique Hernandez,R,BOS,OF,2B/OF,4/10,6,-12.8,@TB,JBeeks(L),96,Lst7,3.9,3.5,0.7,0.36,0.09,0.35,0.02,0.32,0.82,0.212,0.287,0.336,0.623,19
299,Romy Gonzalez,R,CHW,2B,2B,4/10,2,-12.8,@MIN,KMaeda(R),30,Lst7,3.9,3.6,0.7,0.34,0.08,0.34,0.07,0.20,1.37,0.201,0.248,0.327,0.575,0
300,Willi Castro,S,MIN,OF,2B/SS/ OF,4/10,2,-12.9,CHW,DCease(R),100,Live,3.4,3.1,0.6,0.29,0.07,0.29,0.13,0.20,1.01,0.191,0.249,0.314,0.563,0
301,Joc Pederson,L,SF,OF,OF,4/10,9,-13.0,LAD,JUrias(L),64,Lst7,3.9,3.5,0.7,0.33,0.09,0.38,0.01,0.28,0.98,0.209,0.279,0.344,0.623,99
302,Mike Brosseau,R,MIL,3B,3B,4/10,9,-13.0,@ARI,ZGallen(R),29,Lst7,4.2,3.8,0.8,0.37,0.09,0.37,0.03,0.30,1.32,0.204,0.278,0.323,0.601,0
303,Edwin Rios,L,CHC,DH,DH,4/10,7,-13.4,SEA,LCastillo(R),44,Lst7,3.7,3.3,0.6,0.34,0.11,0.37,0.02,0.25,1.28,0.193,0.258,0.349,0.607,1
304,Connor Joe,R,PIT,1B/OF,1B/OF,4/10,6,-13.5,HOU,FValdez(L),79,Lst7,3.8,3.3,0.7,0.34,0.04,0.37,0.04,0.45,0.82,0.218,0.320,0.310,0.630,0
305,Cristian Pache,R,PHI,OF,OF,4/10,6,-13.5,MIA,SAlcantara(R),36,Lst7,3.3,3.1,0.6,0.31,0.07,0.28,0.09,0.16,0.90,0.205,0.251,0.317,0.568,0
306,Ji Hwan Bae,L,PIT,OF,OF,4/10,6,-13.5,HOU,FValdez(L),77,Lst7,3.5,3.1,0.7,0.31,0.02,0.29,0.09,0.28,0.75,0.228,0.296,0.297,0.593,23
307,Owen Miller,R,MIL,1B/2B,1B/2B,4/10,9,-13.5,@ARI,ZGallen(R),21,Lst7,4.0,3.7,0.9,0.34,0.05,0.33,0.02,0.22,0.94,0.234,0.287,0.335,0.622,0
308,Mark Canha,R,NYM,OF,OF,4/10,7,-13.6,SD,YDarvish(R),96,Lst7,3.6,3.1,0.6,0.33,0.09,0.31,0.05,0.28,0.84,0.200,0.298,0.335,0.633,47
309,Jacob Stallings,R,MIA,C,C,4/10,6,-13.6,@PHI,MStrahm(L),34,Lst7,3.9,3.4,0.7,0.38,0.07,0.33,0.01,0.34,0.93,0.216,0.289,0.332,0.621,0
310,Jose Trevino,R,NYY,C,C,4/10,6,-13.6,@CLE,SBieber(R),60,Lst7,3.8,3.6,0.8,0.32,0.07,0.31,0.03,0.11,0.83,0.228,0.253,0.334,0.587,44
311,Yu Chang,R,BOS,2B,1B/2B/SS,4/10,6,-13.9,@TB,JBeeks(L),24,Lst7,3.9,3.5,0.7,0.35,0.09,0.34,0.03,0.28,1.20,0.205,0.271,0.326,0.597,0
312,Nick Allen,R,OAK,2B/SS,2B/SS,4/10,6,-14.0,@BAL,KGibson(R),64,Lst7,3.8,3.5,0.8,0.34,0.04,0.31,0.04,0.23,0.70,0.225,0.278,0.308,0.586,0
313,Aaron Hicks,S,NYY,OF,OF,4/10,6,-14.1,@CLE,SBieber(R),37,Lst7,3.8,3.4,0.7,0.34,0.08,0.30,0.06,0.36,1.04,0.200,0.282,0.320,0.602,1
314,Ehire Adrianza,S,ATL,2B/3B,2B/3B,4/10,7,-14.1,CIN,GAshcraft(R),49,Lst7,3.5,3.1,0.7,0.36,0.04,0.30,0.04,0.27,0.65,0.224,0.291,0.321,0.612,0
315,Michael Conforto,L,SF,OF,OF,4/10,9,-14.1,LAD,JUrias(L),64,Lst7,4.0,3.5,0.7,0.35,0.09,0.35,0.02,0.35,0.99,0.207,0.292,0.328,0.620,100
316,Jake Cronenworth,L,SD,1B/2B,1B/2B/SS,4/10,7,-14.1,@NYM,MScherzer(R),97,Lst7,4.0,3.6,0.8,0.32,0.10,0.34,0.02,0.28,0.89,0.209,0.276,0.350,0.626,100
317,Matt Carpenter,L,SD,DH,OF,4/10,7,-14.5,@NYM,MScherzer(R),71,Lst7,3.9,3.5,0.7,0.32,0.14,0.35,0.02,0.32,1.32,0.189,0.270,0.346,0.616,2
318,Francisco Alvarez,R,NYM,C,C,4/10,7,-14.5,SD,YDarvish(R),56,Lst7,3.5,3.1,0.6,0.33,0.13,0.34,0.03,0.30,1.15,0.180,0.263,0.343,0.606,9
319,Trevor Larnach,L,MIN,OF,OF,4/10,2,-14.9,CHW,DCease(R),100,Live,4.2,3.7,0.7,0.45,0.11,0.31,0.02,0.47,1.55,0.185,0.288,0.320,0.608,38
320,Garrett Stubbs,L,PHI,C,C,4/10,6,-15.0,MIA,SAlcantara(R),24,Lst7,3.3,3.0,0.6,0.32,0.06,0.26,0.08,0.29,0.80,0.200,0.278,0.303,0.581,0
321,Meibrys Viloria,L,CLE,DH,C,4/10,6,-15.2,NYY,DGerman(R),20,Lst7,3.5,3.0,0.6,0.37,0.07,0.31,0.02,0.38,1.03,0.203,0.297,0.319,0.616,0
322,Nicky Lopez,L,KC,2B/SS/ 3B,2B/SS/ 3B,4/10,8,-15.3,@TEX,AHeaney(L),49,Lst7,3.6,3.3,0.8,0.31,0.02,0.23,0.07,0.21,0.64,0.236,0.287,0.295,0.582,0
323,Heliot Ramos,R,SF,OF,OF,4/10,9,-15.3,LAD,JUrias(L),49,Lst7,3.4,3.1,0.7,0.30,0.07,0.29,0.04,0.22,0.86,0.217,0.273,0.339,0.612,0
324,Terrin Vavra,L,BAL,DH,2B/OF,4/10,6,-15.4,OAK,JSears(L),9,Lst7,3.6,3.1,0.7,0.34,0.04,0.27,0.05,0.38,0.74,0.221,0.311,0.318,0.629,0
325,Eduardo Escobar,S,NYM,3B,3B,4/10,7,-15.7,SD,YDarvish(R),74,Lst7,3.4,3.1,0.6,0.32,0.11,0.33,0.02,0.19,0.92,0.191,0.242,0.349,0.591,7
326,Rodolfo Castro,S,PIT,2B/3B,2B/SS/ 3B,4/10,6,-15.7,HOU,FValdez(L),96,Lst7,3.6,3.3,0.7,0.31,0.06,0.34,0.04,0.24,0.88,0.207,0.269,0.314,0.583,2
327,Mike Yastrzemski,L,SF,OF,OF,4/10,9,-16.0,LAD,JUrias(L),64,Lst7,3.8,3.4,0.7,0.32,0.08,0.35,0.02,0.29,0.99,0.202,0.273,0.332,0.605,8
328,Bryce Johnson,S,SF,OF,OF,4/10,9,-16.0,LAD,JUrias(L),49,Lst7,3.3,3.0,0.6,0.30,0.04,0.25,0.08,0.24,0.95,0.213,0.279,0.311,0.590,1
329,Matt Wallner,L,MIN,OF,OF,4/10,2,-16.3,CHW,DCease(R),100,Live,3.7,3.1,0.5,0.32,0.10,0.33,0.06,0.44,1.51,0.170,0.283,0.319,0.602,0
330,Brandon Dixon,R,SD,1B/OF,1B/OF,4/10,7,-16.7,@NYM,MScherzer(R),19,Lst7,3.7,3.4,0.6,0.30,0.12,0.30,0.05,0.17,1.40,0.179,0.229,0.329,0.558,0
331,Ha-Seong Kim,R,SD,SS/3B,SS/3B,4/10,7,-16.7,@NYM,MScherzer(R),87,Lst7,3.6,3.3,0.7,0.30,0.08,0.27,0.06,0.19,0.88,0.199,0.251,0.319,0.570,99
332,Donovan Solano,R,MIN,1B,1B/2B/ 3B,4/10,2,-16.8,CHW,DCease(R),100,Live,3.8,3.4,0.8,0.30,0.04,0.33,0.02,0.25,0.92,0.222,0.286,0.319,0.605,0
333,Martin Maldonado,R,HOU,C,C,4/10,6,-16.9,@PIT,RContreras(R),76,Lst7,3.8,3.4,0.6,0.38,0.08,0.33,0.02,0.29,1.03,0.185,0.256,0.306,0.562,1
334,Christian Vazquez,R,MIN,C,C/1B,4/10,2,-16.9,CHW,DCease(R),100,Live,3.3,3.0,0.6,0.30,0.05,0.27,0.06,0.23,0.71,0.209,0.270,0.315,0.585,99
335,Kyle Farmer,R,MIN,SS/3B,SS/3B,4/10,2,-17.0,CHW,DCease(R),100,Live,3.5,3.2,0.7,0.29,0.06,0.29,0.05,0.20,0.76,0.209,0.271,0.319,0.590,3
336,Tyler Heineman,S,PIT,C,C,4/10,6,-17.1,HOU,FValdez(L),33,Lst7,3.5,3.1,0.7,0.31,0.02,0.28,0.03,0.22,0.57,0.229,0.290,0.294,0.584,0
337,Luis Torrens,R,CHC,C,C,4/10,7,-17.3,SEA,LCastillo(R),29,Lst7,3.6,3.3,0.7,0.33,0.08,0.33,0.01,0.24,1.03,0.197,0.257,0.324,0.581,0
338,Reese McGuire,L,BOS,C,C,4/10,6,-17.4,@TB,JBeeks(L),52,Lst7,3.7,3.4,0.7,0.34,0.05,0.29,0.02,0.22,0.89,0.214,0.267,0.305,0.572,1
339,Austin Wynns,R,SF,C,C,4/10,9,-17.4,LAD,JUrias(L),38,Lst7,3.5,3.2,0.7,0.30,0.07,0.29,0.02,0.28,0.78,0.216,0.285,0.325,0.610,0
340,Cam Gallagher,R,CLE,DH,C,4/10,6,-17.7,NYY,DGerman(R),20,Lst7,3.4,3.1,0.6,0.34,0.05,0.29,0.02,0.22,0.82,0.205,0.263,0.305,0.568,0
341,Nelson Cruz,R,SD,DH,DH,4/10,7,-17.9,@NYM,MScherzer(R),29,Lst7,4.0,3.7,0.7,0.30,0.11,0.32,0.02,0.22,1.29,0.192,0.247,0.313,0.560,2
342,Luis Guillorme,L,NYM,2B/3B,2B/3B,4/10,7,-18.2,SD,YDarvish(R),46,Lst7,3.3,3.0,0.7,0.31,0.04,0.24,0.03,0.28,0.53,0.224,0.297,0.309,0.606,0
343,Rougned Odor,L,SD,2B,2B,4/10,7,-18.4,@NYM,MScherzer(R),48,Lst7,3.7,3.4,0.6,0.30,0.11,0.30,0.03,0.19,1.18,0.181,0.237,0.324,0.561,0
344,Jose Azocar,R,SD,OF,OF,4/10,7,-18.7,@NYM,MScherzer(R),29,Lst7,3.7,3.4,0.7,0.26,0.05,0.24,0.11,0.14,1.11,0.195,0.233,0.286,0.519,0
345,LaMonte Wade Jr.,L,SF,1B/OF,1B/OF,4/10,9,-19.3,LAD,JUrias(L),64,Lst7,4.1,3.6,0.7,0.40,0.07,0.27,0.03,0.38,0.97,0.187,0.276,0.293,0.569,3
346,Anthony Bemboom,L,BAL,DH,C,4/10,6,-19.4,OAK,JSears(L),25,Lst7,3.5,3.1,0.6,0.33,0.07,0.28,0.03,0.30,0.82,0.188,0.267,0.300,0.567,0
347,Jackie Bradley Jr.,L,KC,OF,OF,4/10,8,-19.5,@TEX,AHeaney(L),49,Lst7,3.8,3.5,0.7,0.31,0.07,0.27,0.04,0.23,1.10,0.198,0.255,0.304,0.559,0
348,Brandon Crawford,L,SF,SS,SS,4/10,9,-19.8,LAD,JUrias(L),64,Lst7,3.7,3.3,0.7,0.28,0.06,0.29,0.02,0.24,0.79,0.204,0.268,0.310,0.578,6
349,Luis Campusano,R,SD,C,C,4/10,7,-19.8,@NYM,MScherzer(R),45,Lst7,3.8,3.5,0.7,0.29,0.10,0.29,0.01,0.19,1.10,0.194,0.245,0.318,0.563,10
350,Canaan Smith-Njigba,L,PIT,OF,OF,4/10,6,-20.0,HOU,FValdez(L),37,Lst7,3.5,3.0,0.6,0.31,0.02,0.27,0.04,0.40,1.05,0.204,0.300,0.273,0.573,0
351,Ji Man Choi,L,PIT,1B,1B,4/10,6,-20.7,HOU,FValdez(L),37,Lst7,3.9,3.4,0.7,0.32,0.03,0.34,0.00,0.43,1.18,0.201,0.296,0.274,0.570,0
352,Austin Nola,R,SD,C,C,4/10,7,-21.2,@NYM,MScherzer(R),67,Lst7,3.8,3.4,0.7,0.28,0.06,0.25,0.02,0.22,0.84,0.207,0.265,0.303,0.568,6
353,Tucker Barnhart,L,CHC,C,C,4/10,7,-21.5,SEA,LCastillo(R),51,Lst7,3.4,3.1,0.6,0.31,0.04,0.26,0.01,0.23,0.86,0.203,0.265,0.293,0.558,0
354,Seby Zavala,R,CHW,C,C,4/10,2,-22.2,@MIN,KMaeda(R),30,Lst7,3.8,3.4,0.6,0.33,0.08,0.30,0.02,0.28,1.56,0.173,0.240,0.286,0.526,2
355,Jason Delay,R,PIT,C,C,4/10,6,-22.4,HOU,FValdez(L),67,Lst7,3.5,3.2,0.6,0.28,0.03,0.28,0.03,0.19,0.90,0.197,0.247,0.272,0.519,0
356,Jack Suwinski,L,PIT,OF,OF,4/10,6,-22.4,HOU,FValdez(L),37,Lst7,3.7,3.2,0.6,0.30,0.05,0.30,0.03,0.37,1.17,0.177,0.269,0.264,0.533,0
357,Blake Sabol,L,SF,C,C,4/10,9,-22.7,LAD,JUrias(L),62,Lst7,3.5,3.1,0.6,0.28,0.05,0.26,0.01,0.24,1.05,0.196,0.260,0.294,0.554,58
358,Tomas Nido,R,NYM,C,C,4/10,7,-23.3,SD,YDarvish(R),39,Lst7,3.3,3.1,0.6,0.27,0.05,0.24,0.03,0.11,0.95,0.186,0.221,0.284,0.505,0