"id","firstName","lastName","adp","projectedPoints","positionRank","slotName","teamName","lineupStatus","byeWeek"
"afbec1d4-f064-4bdb-8770-c0679f53606c","Aaron","Judge","1.0","13.5",,"OF","New York Yankees",,
"209cd7ad-e3fa-4505-8ea1-de70bac5d36e","Paul","Goldschmidt","2.0","13.1",,"IF","St. Louis Cardinals",,
"008b00b4-f392-4c77-8c54-5808775b3a75","Mike","Trout","3.0","11.8",,"OF","Los Angeles Angels",,
"da81a59e-e74a-438a-be02-2edd48ed89b7","Ke'Bryan","Hayes","4.0","12.0",,"IF","Pittsburgh Pirates",,
"9f865e3c-a14a-454c-a3f4-92ba374f7223","José","Ramírez","5.0","11.2",,"IF","Cleveland Guardians",,
"c3baf465-6598-4ae6-9cec-8a67500ed9b7","Ronald","Acuña Jr.","6.0","11.4",,"OF","Atlanta Braves",,
"2a0bf98b-d479-4d3b-b6d8-ec66a37f918c","Max","Scherzer","7.0","11.9",,"P","New York Mets","IN",
"67b09062-f2a6-42dd-ad19-7b30efaca349","Joe","Ryan","8.0","10.5",,"P","Minnesota Twins",,
"f823df40-068b-4262-aa2f-a86a2d6c9f75","Kyle","Schwarber","9.0","11.3",,"OF","Philadelphia Phillies",,
"19310ec4-a663-4764-aea7-2a2609ef65a5","Bryan","Reynolds","10.0","11.8",,"OF","Pittsburgh Pirates",,
"6fb20b3b-c511-41d3-b475-8e4980c06f9a","Shohei","Ohtani","11.0","11.2",,"OF","Los Angeles Angels",,
"71e211b1-a621-4f47-8b2b-ace366dcd748","Charlie","Morton","12.0","9.6",,"P","Atlanta Braves",,
"65c503c8-12be-472b-9032-782a06fba49c","Kyle","Tucker","13.0","10.4",,"OF","Houston Astros",,
"aad3dfbc-4378-424c-8248-f0fdd099fa07","Matt","Olson","14.0","10.9",,"IF","Atlanta Braves",,
"ddebddb5-f2d4-48f7-8e0a-c62123987adc","Connor","Joe","15.0","11.5",,"OF","Pittsburgh Pirates",,
"6850b813-bfed-48ee-b0b9-23e1be1318c6","Nolan","Arenado","16.0","11.3",,"IF","St. Louis Cardinals",,
"1bf5fd4b-4ed9-4442-8f8f-15bf7aad3164","Ian","Happ","17.0","9.2",,"OF","Chicago Cubs",,
"cdab49c4-e703-4b3c-af3a-cc939ef6f369","Yordan","Alvarez","18.0","11.2",,"OF","Houston Astros","QUESTIONABLE",
"472ba399-0d2f-4ddb-aaf0-5108bcd2b65b","Andrew","McCutchen","19.0","11.2",,"OF","Pittsburgh Pirates",,
"49f3dcdc-9b2e-45cc-84c8-1cb7362cc7a3","Brandon","Marsh","20.0","8.1",,"OF","Philadelphia Phillies",,
"d81614fb-3336-41c9-982c-a5831862740f","Luis","Garcia","21.0","9.5",,"P","Houston Astros",,
"f63ff390-044a-497b-a8d9-a03a57651514","Anthony","Rizzo","22.0","10.8",,"IF","New York Yankees",,
"e40459b8-34f0-4bc1-bb8b-61fe51695bcf","Juan","Soto","23.0","11.2",,"OF","San Diego Padres",,
"d03c1125-fbda-406f-bfdf-7eea880beb62","Byron","Buxton","24.0","10.0",,"OF","Minnesota Twins",,
"a00473ea-8241-4eec-9281-9becac136722","Andrés","Giménez","25.0","9.8",,"IF","Cleveland Guardians",,
"b682953e-39c1-4ea1-9e5e-e36d97863171","Anthony","Volpe","26.0","11.3",,"IF","New York Yankees",,
"a308d145-c444-494a-8920-a19970a4a873","Manny","Machado","27.0","9.5",,"IF","San Diego Padres",,
"53567353-1fc3-4dbe-8db9-7c4bd037e48e","Jazz","Chisholm Jr.","28.0","10.2",,"OF","Miami Marlins",,
"467438be-1dfd-4af7-8e7d-db3412261b2d","Michael A.","Taylor","29.0","7.5",,"OF","Minnesota Twins",,
"d62b3b7f-31a1-4ff1-ab61-db1c8bcc98bb","Rafael","Devers","30.0","10.3",,"IF","Boston Red Sox",,
"6e65676f-d57c-4d53-afe4-e7c3a6f9b0cc","Willson","Contreras","31.0","9.8",,"IF","St. Louis Cardinals",,
"f4d543c6-cc1c-4d93-9e69-696520e816b3","Garrett","Cooper","32.0","8.3",,"IF","Miami Marlins",,
"1ccfc797-8089-471c-9ad6-9d671c296126","Starling","Marte","33.0","10.1",,"OF","New York Mets",,
"51023a0d-07cd-47fb-bd68-bfcd417043ee","Brady","Singer","34.0","10.0",,"P","Kansas City Royals",,
"1e2e95a6-9c9c-40e0-b761-767cf972a926","Justin","Steele","35.0","9.6",,"P","Chicago Cubs",,
"7ce40945-6cd1-413d-819b-6416f5b5d5a2","Austin","Riley","36.0","9.3",,"IF","Atlanta Braves",,
"d1717b89-8a1a-4ace-94ac-39091c48225f","Rodolfo","Castro",,"11.3",,"IF","Pittsburgh Pirates",,
"cd6ec4c9-4237-4409-a9c8-093f265fd10c","Steven","Kwan",,"11.0",,"OF","Cleveland Guardians",,
"d8d6eb6c-1d48-4f72-9117-903509f28e2c","Tommy","Edman",,"10.7",,"IF","St. Louis Cardinals",,
"92f36bc8-c869-439a-bfe0-440f8ee3eebd","Trea","Turner",,"10.4",,"IF","Philadelphia Phillies",,
"b5f70644-e211-424f-b6d4-b14ae601e412","Thairo","Estrada",,"10.1",,"IF","San Francisco Giants",,
"f271a71a-80a5-4268-b676-46184a2867ca","Gunnar","Henderson",,"10.1",,"IF","Baltimore Orioles",,
"0eed0329-d2fa-4b2b-a189-b4d17d322ada","Edouard","Julien",,"10.0",,"IF","Minnesota Twins",,
"fed24c9f-e503-4652-bbbe-3a2dd7db6220","Julio","Rodríguez",,"9.9",,"OF","Seattle Mariners",,
"fc9e2c05-4ecd-4348-981a-d36863629908","Teoscar","Hernández",,"9.9",,"OF","Seattle Mariners",,
"aa834f08-a057-4def-ac5b-c3ea3548b40a","Eugenio","Suárez",,"9.8",,"IF","Seattle Mariners",,
"f365fb9c-f0e8-4871-a632-0ed2fc758f90","Brandon","Nimmo",,"9.7",,"OF","New York Mets",,
"ed43b95e-ceef-4aeb-bef6-e18337b8b0ce","Tyler","O'Neill",,"9.7",,"OF","St. Louis Cardinals",,
"7e83be79-b7a7-492a-9323-62ec982dda3c","Corbin","Carroll",,"9.7",,"OF","Arizona Diamondbacks",,
"dd47517b-6e42-4ec9-a76e-3054b4a028d7","Austin","Hays",,"9.7",,"OF","Baltimore Orioles",,
"6a7b8339-e139-4ec4-92ca-0fb03539d876","Kris","Bryant",,"9.7",,"OF","Colorado Rockies",,
"861f9eac-1cb0-4819-8662-743ea8649d4d","Charlie","Blackmon",,"9.6",,"OF","Colorado Rockies",,
"39a68369-c05a-4435-a6dc-96785ac37463","Jurickson","Profar",,"9.6",,"OF","Colorado Rockies",,
"9f6a7f23-247f-444b-a646-25da65d4144e","Jake","Burger",,"9.5",,"IF","Chicago White Sox",,
"37cf3600-cf8a-42ee-a4b3-086ac630cc00","Francisco","Lindor",,"9.5",,"IF","New York Mets",,
"be2591ba-0372-4fe0-84fb-74f452a21fff","Marcus","Semien",,"9.5",,"IF","Texas Rangers",,
"d99a5fc2-fb47-4cf3-b023-9d26e9f61952","Ryan","Mountcastle",,"9.5",,"IF","Baltimore Orioles",,
"681a5c11-92fe-4b41-b270-05f9a3dd5a18","Carlos","Correa",,"9.4",,"IF","Minnesota Twins",,
"bb079914-cb32-4986-b587-0df3500a529f","Wilmer","Flores",,"9.4",,"IF","San Francisco Giants",,
"101a8c36-c771-4226-90ac-7239cfe15323","William","Contreras",,"9.4",,"IF","Milwaukee Brewers",,
"c63e7a66-a8cc-4a06-85d0-ce8cbbdc0e18","Nico","Hoerner",,"9.4",,"IF","Chicago Cubs",,
"1e312ae0-c7a2-4b6b-bf98-1b26789d788c","Alex","Bregman",,"9.4",,"IF","Houston Astros",,
"fca1b13f-06e5-4441-80ba-9ce963549be3","Trevor","Rogers",,"9.4",,"P","Miami Marlins",,
"e27122c1-0ab4-4c69-9b02-6532b40acde1","Corey","Kluber",,"9.3",,"P","Boston Red Sox",,
"4f2bd956-9410-4130-a166-f9b8a8fc2d39","Oswaldo","Cabrera",,"9.3",,"OF","New York Yankees",,
"7c7dfd9a-7917-471a-9441-4538d5fa918d","Bobby","Witt Jr.",,"9.3",,"IF","Kansas City Royals",,
"c671ec04-543a-47d0-884e-7221092e7abd","Taylor","Ward",,"9.2",,"OF","Los Angeles Angels",,
"06f7537b-15ca-4c2e-b892-09c5977331d6","Taijuan","Walker",,"9.2",,"P","Philadelphia Phillies",,
"c566343d-4c47-457b-92fd-4533f7c748f9","Cal","Quantrill",,"9.2",,"P","Cleveland Guardians",,
"53c099ee-d269-4a9e-a218-b926194889d2","Freddie","Freeman",,"9.2",,"IF","Los Angeles Dodgers",,
"b35b01d9-999c-4793-9613-5350e6d89901","DJ","LeMahieu",,"9.2",,"IF","New York Yankees",,
"efff5b17-e119-4e42-aa2f-b4cf82505000","Martín","Pérez",,"9.2",,"P","Texas Rangers",,
"96d6961d-ce61-49b7-a14d-d1a0fe93d24b","George","Springer",,"9.2",,"OF","Toronto Blue Jays",,
"3ea8084a-c3df-4d78-abb8-4bf4e9243b3e","Ryan","McMahon",,"9.2",,"IF","Colorado Rockies",,
"8bedc43a-eb48-4e72-8ec4-53c717655e4a","Adley","Rutschman",,"9.2",,"IF","Baltimore Orioles",,
"8c991cf2-814e-4c5c-ab43-eddfc460a14f","Gabriel","Arias",,"9.2",,"IF","Cleveland Guardians",,
"46ccaaf1-106d-4bae-9981-4267c6f6d802","Nathaniel","Lowe",,"9.1",,"IF","Texas Rangers",,
"8dd98e32-0d61-4356-a32a-28b5275b0e43","Travis","Jankowski",,"9.1",,"OF","Texas Rangers",,
"b09e6975-fcd2-471f-ab01-15a19e124139","MJ","Melendez",,"9.1",,"IF","Kansas City Royals",,
"d00702b7-fe41-4c44-9fca-5a0cd7c234c8","Dylan","Carlson",,"9.1",,"OF","St. Louis Cardinals",,
"347e312d-1617-420b-a5c4-563dd0648f9c","Anthony","Rendon",,"9.1",,"IF","Los Angeles Angels",,
"a51e6712-f203-4b3d-b355-2602ea1232fa","Luis","Arraez",,"9.1",,"IF","Miami Marlins",,
"fbe60e7f-1a86-47d6-bfc7-452de3d82321","Pete","Alonso",,"9.0",,"IF","New York Mets",,
"8bd7f7ed-1a06-40a9-8f79-e0f26955c641","Mookie","Betts",,"9.0",,"OF","Los Angeles Dodgers","OUT",
"02114523-bc66-4b87-84f1-4e9b98cbdeeb","Hunter","Renfroe",,"9.0",,"OF","Los Angeles Angels",,
"0a002961-b2e1-46b5-b58a-e2e5edc04807","Salvador","Perez",,"9.0",,"IF","Kansas City Royals",,
"92649d97-5841-4d86-a9f2-330cb46cda14","Nick","Castellanos",,"9.0",,"OF","Philadelphia Phillies",,
"0e5835ad-ccc6-4f25-9042-fc09166ffd9b","AJ","Pollock",,"9.0",,"OF","Seattle Mariners",,
"9ea0065b-84f8-4c10-8f2c-57ca7e18f292","Willy","Adames",,"9.0",,"IF","Milwaukee Brewers",,
"041ad673-8037-4354-a235-4b2bf7b25729","J.D.","Davis",,"9.0",,"IF","San Francisco Giants",,
"9a5a7eab-a8e3-4b05-89fd-e4d6a8f67bca","Carlos","Santana",,"9.0",,"IF","Pittsburgh Pirates",,
"bc11c6e6-fcdd-4faa-b358-0d4f98d7d2f4","Gleyber","Torres",,"9.0",,"IF","New York Yankees",,
"0fbe4599-932f-4dff-9b29-5b821be59536","Vladimir","Guerrero Jr.",,"8.9",,"IF","Toronto Blue Jays",,
"2d8810c7-17e7-4604-95af-664fee68b3dd","Sean","Murphy",,"8.9",,"IF","Atlanta Braves",,
"eb3fba22-f5b3-453e-a16f-71b81464e30e","Vinnie","Pasquantino",,"8.9",,"IF","Kansas City Royals",,
"1cf898b7-0892-4435-82cd-2ed4b58e03e1","Darin","Ruf",,"8.9",,"IF","San Francisco Giants",,
"3ab5d1a3-4ed1-4b9d-8ac7-5449b15950e1","Cal","Raleigh",,"8.9",,"IF","Seattle Mariners",,
"500daf5c-c9e9-4819-922a-9a13c123b76e","Anthony","Santander",,"8.9",,"OF","Baltimore Orioles",,
"5b827346-aaec-49f0-beae-b1da8c8d9a2d","Jorge","Mateo",,"8.9",,"IF","Baltimore Orioles",,
"7c349805-83ec-4789-a1fd-337a35d2c777","J.T.","Realmuto",,"8.8",,"IF","Philadelphia Phillies",,
"1411438c-7b7e-4cd8-b1c8-4b1c908443d0","Ty","France",,"8.8",,"IF","Seattle Mariners",,
"53600fc5-1263-4576-b50f-11fa26aae782","Alex","Call",,"8.8",,"OF","Washington Nationals",,
"2e4fb69b-434b-4f8f-a964-964b1115a255","Vaughn","Grissom",,"8.8",,"IF","Atlanta Braves",,
"f089e9c0-a94b-4afc-82da-12be85f90cfb","Dansby","Swanson",,"8.8",,"IF","Chicago Cubs",,
"a4f5ebbd-39ec-4705-8add-9e6d949f8100","Brandon","Belt",,"8.8",,"IF","Toronto Blue Jays",,
"2a655990-9423-45db-9543-213aeb32bdb0","Corey","Julks",,"8.8",,"OF","Houston Astros",,
"968a8bd9-a3f1-46f4-babb-b7a32d64def4","Triston","Casas",,"8.8",,"IF","Boston Red Sox",,
"97cddc8c-7186-4168-b31f-1139754fb69c","MacKenzie","Gore",,"8.8",,"P","Washington Nationals",,
"ff80bdbe-5ff0-4f9a-9561-f60a1a9569f8","Bo","Bichette",,"8.8",,"IF","Toronto Blue Jays",,
"8d5d5c5c-bc21-4c11-8b41-6bbdfab2b18c","Max","Kepler",,"8.8",,"OF","Minnesota Twins",,
"5a1311cb-f1d2-4834-b48f-00d756472298","Josh","Bell",,"8.7",,"IF","Cleveland Guardians",,
"47c585c8-4cfd-494d-adfc-2f257dc33ac6","Justin","Turner",,"8.7",,"IF","Boston Red Sox",,
"82f618bb-fc0b-4f09-adfa-9b6fc9d2068a","Alex","Verdugo",,"8.7",,"OF","Boston Red Sox",,
"01d7c10b-1ff2-4f13-b5ec-cb485192efe8","Adolis","García",,"8.7",,"OF","Texas Rangers",,
"1793bdd7-0c00-48cd-902a-0031eee32add","Jeimer","Candelario",,"8.7",,"IF","Washington Nationals",,
"8bbb589e-2b46-4332-b305-0dd8b1cb14b1","Franchy","Cordero",,"8.7",,"OF","New York Yankees",,
"5e25bcda-d01d-4104-a9f9-c56623d23901","Cody","Bellinger",,"8.7",,"OF","Chicago Cubs",,
"fbb66c07-a75a-4ef9-9984-abc559638a0b","Eloy","Jiménez",,"8.7",,"OF","Chicago White Sox",,
"d343c816-c932-4f78-b3cd-9f5e39b3c17d","Matt","Carpenter",,"8.6",,"OF","San Diego Padres",,
"2ce0e9dc-63d1-45f8-b2e5-581121a9a312","Jarred","Kelenic",,"8.6",,"OF","Seattle Mariners",,
"404034b1-f772-4168-aa91-e5b9e03b487e","Kyle","Bradish",,"8.6",,"P","Baltimore Orioles","IN",
"d089fa86-ecd1-4fef-8a2c-3dae66406773","Ozzie","Albies",,"8.6",,"IF","Atlanta Braves",,
"9f0c44d8-7043-4f58-8cd9-b2a5bde73b81","Brandon","Drury",,"8.6",,"IF","Los Angeles Angels",,
"385771d9-7ec0-4a4a-88c9-68d792519628","Jack","Suwinski",,"8.6",,"OF","Pittsburgh Pirates",,
"f5121494-f682-4621-91d9-b9190e812004","Xander","Bogaerts",,"8.6",,"IF","San Diego Padres",,
"f61f8d81-f90d-47c6-940d-7c4e48aa8bd1","Esteury","Ruiz",,"8.6",,"OF","Oakland Athletics",,
"0ac61efa-9077-4b09-b572-e21664907972","Marco","Gonzales",,"8.6",,"P","Seattle Mariners","IN",
"28baa7c7-4535-411c-8ee3-5bd4933add96","Alex","Cobb",,"8.6",,"P","San Francisco Giants",,
"2744b66d-b964-4a72-a10d-1f103e2518a9","Mike","Clevinger",,"8.5",,"P","Chicago White Sox",,
"1c5443ce-0c25-4ea5-b48a-02c2721c037a","Ezequiel","Tovar",,"8.5",,"IF","Colorado Rockies",,
"ceab34f4-79f7-4e49-921c-7a9898d4fc46","José","Berríos",,"8.5",,"P","Toronto Blue Jays","IN",
"5bbff836-7efe-4f99-b2e4-9d764494fcc8","Ji Hwan","Bae",,"8.5",,"IF","Pittsburgh Pirates","OUT",
"bb6a8d8e-0383-4be5-932b-6653668f0f66","Franmil","Reyes",,"8.5",,"OF","Kansas City Royals",,
"97463cf6-ef82-40df-81b9-751b5ceac2fc","José","Abreu",,"8.5",,"IF","Houston Astros",,
"71495445-e21f-445d-91d7-afadf4348862","Josh","Rojas",,"8.5",,"IF","Arizona Diamondbacks",,
"acb8bf8e-1a81-497a-b5ca-c2fbcf4d815e","Nick","Maton",,"8.4",,"IF","Detroit Tigers",,
"b5b3f674-f808-4d8d-a4e4-91ef1595aa08","Eric","Lauer",,"8.4",,"P","Milwaukee Brewers",,
"9f0029c7-4151-4c5e-b34f-df21ca0c51e2","Josh","Jung",,"8.4",,"IF","Texas Rangers",,
"3794eaa5-8db3-4223-a673-0d06f6e0cf4a","Patrick","Wisdom",,"8.4",,"IF","Chicago Cubs",,
"cab1246e-f405-4a54-b72c-2f995c918bf5","David","Villar",,"8.4",,"IF","San Francisco Giants",,
"05cba164-9919-4e93-846d-d642966f0fca","Kerry","Carpenter",,"8.4",,"OF","Detroit Tigers",,
"977e293c-0476-4d27-826e-2d5adcdbf0a2","Seiya","Suzuki",,"8.4",,"OF","Chicago Cubs","OUT",
"ab58055f-6335-49ec-a29c-286ad86b2f83","Cedric","Mullins",,"8.3",,"OF","Baltimore Orioles",,
"a6821703-0295-4b84-8d47-a7d68b73a9c0","Luis","Robert Jr.",,"8.3",,"OF","Chicago White Sox",,
"404b6a23-a5c6-41e2-8365-08747bf483ce","Jake","Cronenworth",,"8.3",,"IF","San Diego Padres",,
"2150a690-5aac-46af-8738-7e05963e8daf","Jon","Berti",,"8.3",,"OF","Miami Marlins",,
"5868b83e-43db-4d44-a9da-b7ce5c23d23b","Andrew","Benintendi",,"8.3",,"OF","Chicago White Sox",,
"9201a1c0-dc2d-45c0-ad0a-457817103b22","Gio","Urshela",,"8.3",,"IF","Los Angeles Angels",,
"77d8c9b3-98c6-4329-991e-572676fd93e1","Jose","Miranda",,"8.3",,"IF","Minnesota Twins",,
"202ec635-1193-497f-a46a-69674f3c31ed","Jordan","Walker",,"8.3",,"OF","St. Louis Cardinals",,
"30f42c52-850e-4065-8e03-41569fbeadc8","Mike","Moustakas",,"8.3",,"IF","Colorado Rockies",,
"0161be9e-a86c-45be-baa7-6dd2f62c0ec7","Shea","Langeliers",,"8.3",,"IF","Oakland Athletics",,
"ad312882-2671-4bd2-994f-317c8852dffc","Jesús","Aguilar",,"8.3",,"OF","Oakland Athletics",,
"b5c9b70d-9d7a-4a04-9ea0-6ad6ab90eb3c","Will","Brennan",,"8.2",,"OF","Cleveland Guardians",,
"79cf99d7-4893-4d3b-a93a-f3c067e7e3ad","Andrew","Vaughn",,"8.2",,"IF","Chicago White Sox",,
"8bff4736-6c2f-40ef-9d00-89ae33bf5fe6","Donovan","Solano",,"8.2",,"IF","Minnesota Twins",,
"4b1b10be-c562-44a4-8444-6d49fd5721ce","Ketel","Marte",,"8.2",,"IF","Arizona Diamondbacks",,
"d46982e3-b8e2-4d26-9af1-bf1c6b1cb6ef","Ramón","Laureano",,"8.1",,"OF","Oakland Athletics","DOUBTFUL",
"41e63273-c757-4b3b-abb0-2affc7b6dce6","Trevor","Larnach",,"8.1",,"OF","Minnesota Twins",,
"b90502e6-9728-4a80-9746-1db8f279494d","Ramón","Urías",,"8.1",,"IF","Baltimore Orioles","PROBABLE",
"1121ce5b-1ebd-412b-8f0a-1ced3d06601e","Mike","Yastrzemski",,"8.1",,"OF","San Francisco Giants",,
"d2408e12-aefe-48d4-8e0a-5954dba596a8","Trent","Grisham",,"8.1",,"OF","San Diego Padres",,
"fce07b06-e3b8-4856-b909-cf2e369d8228","Joey","Meneses",,"8.1",,"OF","Washington Nationals",,
"ace6d50b-6cab-4b03-93ff-c93ae1154052","Riley","Greene",,"8.1",,"OF","Detroit Tigers",,
"29abe5dc-4c37-4f6f-93c1-f34a5d70d39d","Daulton","Varsho",,"8.0",,"OF","Toronto Blue Jays",,
"68d3ac08-fcb7-42c7-9f38-8e52a69dce1f","Jeff","McNeil",,"8.0",,"IF","New York Mets",,
"fe835e10-b81b-4e2f-8e01-92d108ee4ee8","Daniel","Vogelbach",,"8.0",,"OF","New York Mets",,
"bde13276-8803-41e0-892d-40919fc7e567","Max","Muncy",,"8.0",,"IF","Los Angeles Dodgers",,
"17b06420-7f73-418f-a674-62083c193009","Edward","Olivares",,"8.0",,"OF","Kansas City Royals",,
"f2175b74-8604-4d8a-b732-17cbbdf3f170","Lourdes","Gurriel Jr.",,"7.9",,"OF","Arizona Diamondbacks",,
"10c52194-1650-4c9c-a581-4e532bc7ed6e","Nick","Martinez",,"7.9",,"P","San Diego Padres",,
"b4533ab8-9b1a-4242-819e-54d02befbd28","Luis","García",,"7.9",,"IF","Washington Nationals",,
"59858e29-24d8-4faa-a878-76ce3c60469c","Bryson","Stott",,"7.9",,"IF","Philadelphia Phillies",,
"e1ac51f3-3856-411c-8bfe-a609abd8cf22","Masataka","Yoshida",,"7.9",,"OF","Boston Red Sox",,
"5166e34f-454c-484a-a4c6-6a16c55ed0ae","Jorge","Soler",,"7.9",,"OF","Miami Marlins",,
"ce54b8a6-3cf2-4a03-86b4-0fa2824543b5","Jeremy","Peña",,"7.9",,"IF","Houston Astros",,
"73f5bafb-b9c8-493c-a8e5-ccf44bbba42d","Eddie","Rosario",,"7.9",,"OF","Atlanta Braves",,
"115c94c9-7eaa-4bf1-a2a9-03fcd7b5e99a","Christian","Walker",,"7.9",,"IF","Arizona Diamondbacks",,
"d5f1c29a-18cc-4b65-bb45-8dbf16b827b4","Alejandro","Kirk",,"7.8",,"IF","Toronto Blue Jays",,
"be3c51cb-22f2-4846-8cea-22434dcb0ecd","Griffin","Canning",,"7.8",,"P","Los Angeles Angels",,
"42d21977-5900-4359-9dde-afc342d98fdb","Christian","Vázquez",,"7.8",,"IF","Minnesota Twins",,
"f6145569-2890-4f50-8be4-7343667afa0e","Aledmys","Díaz",,"7.8",,"IF","Oakland Athletics",,
"2d4588ef-d19d-4c96-845e-10b7d3d25b44","Matt","Chapman",,"7.8",,"IF","Toronto Blue Jays",,
"360bd9c4-19b6-44cc-9c07-4ac45ca76f73","Dominic","Smith",,"7.8",,"IF","Washington Nationals",,
"175bf8c6-cabd-48d6-b9dd-c519594bbe78","Bryan","De La Cruz",,"7.8",,"OF","Miami Marlins",,
"ed6eb1ac-f7a5-46d0-b8d7-9d4d3d1ce1bd","Christian","Yelich",,"7.7",,"OF","Milwaukee Brewers",,
"828855e8-86e7-4a3d-8793-626bba8e5ad8","Mark","Canha",,"7.7",,"OF","New York Mets",,
"0b375338-226a-4359-ae29-639b5287eb18","Josh","Naylor",,"7.7",,"IF","Cleveland Guardians",,
"01dcdb0e-0f43-4785-9ce8-0dda4f6a2785","Jake","McCarthy",,"7.7",,"OF","Arizona Diamondbacks","OUT",
"09fd514d-7b55-4aca-9501-fcb930c0bfda","Jonah","Heim",,"7.7",,"IF","Texas Rangers",,
"bd540ca1-f18a-4326-9b01-e44ef69f72a8","Noah","Syndergaard",,"7.6",,"P","Los Angeles Dodgers",,
"74178905-25db-4f1e-8d90-765389c183fc","Trayce","Thompson",,"7.6",,"OF","Los Angeles Dodgers",,
"82d4dbcd-405a-4de2-a380-c7413a684f3c","Pavin","Smith",,"7.6",,"OF","Arizona Diamondbacks",,
"829933c0-c362-4b22-a873-0747c41a782e","Javier","Báez",,"7.6",,"IF","Detroit Tigers",,
"148d7f48-9984-4463-baa4-b5e31096a111","Austin","Gomber",,"7.6",,"P","Colorado Rockies",,
"686b6267-b997-4a67-bfde-aecad221ceb7","Alec","Bohm",,"7.5",,"IF","Philadelphia Phillies",,
"17ca11b7-4be7-47b8-8224-a6200bd4a87d","Alan","Trejo",,"7.5",,"IF","Colorado Rockies",,
"4eef81ff-8c6e-48f3-affc-a7fd9dc0e0cd","Spencer","Turnbull",,"7.5",,"P","Detroit Tigers",,
"2077c53e-ab55-44ae-9b48-ad3c9fd91a9e","Luke","Voit",,"7.5",,"IF","Milwaukee Brewers",,
"7fade709-587c-47be-a901-03cc849844b3","Yasmani","Grandal",,"7.5",,"IF","Chicago White Sox",,
"2077df23-b763-4271-b458-80f509b4548c","Harold","Castro",,"7.5",,"OF","Colorado Rockies",,
"3cf6cf4d-274e-412c-8965-42db281c367e","Jhony","Brito",,"7.5",,"P","New York Yankees",,
"5f7644e5-5fc5-4391-bffd-bc0f99a4528c","Eric","Hosmer",,"7.4",,"IF","Chicago Cubs",,
"2f8c7d17-31a8-414e-80cb-fec7d463604c","Mike","Zunino",,"7.4",,"IF","Cleveland Guardians",,
"618d8a95-7663-44f9-916e-d59118ef6a04","Akil","Baddoo",,"7.4",,"OF","Detroit Tigers",,
"6dc022af-d59f-4d74-8d83-1aeb3e2d1fdd","Lane","Thomas",,"7.4",,"OF","Washington Nationals",,
"e6cf90db-de65-4472-a97a-5f206a9c33d0","Mike","Brosseau",,"7.4",,"IF","Milwaukee Brewers",,
"8721cd03-9aa2-49ff-9da1-c3c3d69d5c5f","Trey","Mancini",,"7.4",,"OF","Chicago Cubs",,
"d8870deb-f851-40a5-9447-fd15759c024a","Logan","O'Hoppe",,"7.3",,"IF","Los Angeles Angels",,
"0f5654b9-8790-446e-9bb4-06fd9bbed926","Tony","Kemp",,"7.3",,"IF","Oakland Athletics",,
"cd9a0bd6-a2c6-428e-95b8-1ce2a3dc0a42","Keibert","Ruiz",,"7.3",,"IF","Washington Nationals",,
"9c9448a9-caf9-4594-906c-2ca72a41d56d","Avisaíl","García",,"7.3",,"OF","Miami Marlins",,
"594120a4-6132-4327-802b-eb2d56d1c77d","J.D.","Martinez",,"7.3",,"OF","Los Angeles Dodgers",,
"4488a5a9-fd9a-49dc-9272-e23fba23d23c","Josh","Harrison",,"7.3",,"IF","Philadelphia Phillies",,
"917ae37f-a465-4905-a6ed-74cf94063342","Mauricio","Dubón",,"7.2",,"IF","Houston Astros",,
"83f50f0e-22cd-4ea6-b965-667cf38c4048","Jake","Meyers",,"7.2",,"OF","Houston Astros",,
"b2018e75-d191-4aaa-acfe-5b558e5c5700","Sam","Hilliard",,"7.2",,"OF","Atlanta Braves",,
"053cff95-1853-4efb-bcaa-62ace9138a5c","Mark","Mathias",,"7.2",,"IF","Pittsburgh Pirates",,
"343b745b-13c7-4f00-b98b-34f99b91b265","Jose","Trevino",,"7.2",,"IF","New York Yankees",,
"2fb52853-bfe3-42d2-80d7-203f78638b16","Myles","Straw",,"7.2",,"OF","Cleveland Guardians",,
"54e772b7-ee47-4349-ad8b-147c7808d20e","Willie","Calhoun",,"7.2",,"OF","New York Yankees",,
"c127de8b-df91-4bea-a202-cddc8c0b3ead","Connor","Wong",,"7.1",,"IF","Boston Red Sox",,
"9e31efcb-4b3a-4ad4-8148-5f2a7edbb57f","Kolten","Wong",,"7.1",,"IF","Seattle Mariners",,
"db165003-8930-4468-9bd4-5724fe2b23bf","Hunter","Dozier",,"7.1",,"IF","Kansas City Royals",,
"ac2fe6a7-b780-43a1-8a92-0dbd43056988","James","Outman",,"7.1",,"OF","Los Angeles Dodgers",,
"d0f8dc86-c563-406b-975f-d1390c41fd45","Matt","Duffy",,"7.1",,"IF","Kansas City Royals",,
"57baa1b8-6b97-47bb-a87d-bbeea299153b","Whit","Merrifield",,"7.1",,"IF","Toronto Blue Jays",,
"dd1ed8a0-85d4-423f-8999-e79c05cd9ca4","Eric","Haase",,"7.1",,"IF","Detroit Tigers",,
"9ef62eab-1f39-4090-bb0c-3cb0e15af0ba","Jace","Peterson",,"7.1",,"IF","Oakland Athletics",,
"5f0735b8-4f2e-435e-8e2c-0644338313f0","Kevin","Kiermaier",,"7.0",,"OF","Toronto Blue Jays",,
"8b9a7292-226e-467c-b2ca-7b30600ab872","CJ","Abrams",,"7.0",,"IF","Washington Nationals",,
"7ed3abdb-683a-4c79-8c25-f6e5303adcea","Jake","Cave",,"7.0",,"OF","Philadelphia Phillies",,
"b70b5c7c-e2d4-47b1-9f79-394333d8bcc9","Oscar","Colás",,"7.0",,"OF","Chicago White Sox",,
"9656abaa-35c4-458d-b5d4-8257b01cd9ba","Ezequiel","Duran",,"7.0",,"OF","Texas Rangers",,
"71048194-784d-42d8-85d6-670e925e3449","Johan","Oviedo",,"6.9",,"P","Pittsburgh Pirates",,
"625e7855-5d43-4d40-aac5-b08076832a49","Ryan","McKenna",,"6.9",,"OF","Baltimore Orioles",,
"05108f18-c506-47e5-a19e-56ff4376109f","Brian","Anderson",,"6.9",,"OF","Milwaukee Brewers",,
"2a0e5114-3f32-4e16-81fa-d90077ff3fda","Rougned","Odor",,"6.8",,"IF","San Diego Padres",,
"8057da32-52ec-4b6e-bcfb-ac0c4da9af87","Kiké","Hernández",,"6.8",,"IF","Boston Red Sox",,
"031df6d6-46d8-4b43-9e60-05c4db43cf17","Joey","Bart",,"6.8",,"IF","San Francisco Giants",,
"b3e9d919-4706-4876-9a33-a1ca377b0959","Kevin","Pillar",,"6.8",,"OF","Atlanta Braves",,
"2a75242d-8fd5-4db8-b3e2-d6ebf67de3fd","Brett","Baty",,"6.8",,"IF","New York Mets",,
"727ad034-9663-487f-baf4-b2cf0a1c3bc3","Spencer","Torkelson",,"6.7",,"IF","Detroit Tigers",,
"eb6010b3-e841-4128-9c21-e3fb5eabf5db","Leody","Taveras",,"6.7",,"OF","Texas Rangers",,
"6e07a8e5-71d2-4fb3-83ba-ae206a211442","Yan","Gomes",,"6.7",,"IF","Chicago Cubs",,
"d3b566bc-ae9e-48e4-9643-c081ffd7bf91","Garrett","Hampson",,"6.7",,"OF","Miami Marlins",,
"6903cce4-7c3e-4c01-89dc-c3531273baa1","David","Peralta",,"6.7",,"OF","Los Angeles Dodgers",,
"f13bab19-f246-4982-bf93-6e03290f8b4d","Alek","Thomas",,"6.7",,"OF","Arizona Diamondbacks",,
"826ffb9a-6df2-431c-b086-0ea20262f8b7","Miguel","Vargas",,"6.6",,"IF","Los Angeles Dodgers",,
"533994a6-74c8-4f7b-a3ae-46fb993234c9","Jason","Delay",,"6.6",,"IF","Pittsburgh Pirates",,
"3838ffc6-0142-45c1-bd7c-192594835c29","Austin","Nola",,"6.6",,"IF","San Diego Padres",,
"1485e84c-0bfa-4fa1-a249-23626ef3943e","Francisco","Álvarez",,"6.6",,"IF","New York Mets",,
"3575aa0c-e1bd-4e63-adf7-19acb833bdaa","Brian","Serven",,"6.5",,"IF","Colorado Rockies",,
"e3b000fa-2085-4777-aafc-c790af42010d","Ha-Seong","Kim",,"6.5",,"IF","San Diego Padres",,
"998eb957-5327-412b-b22e-1126a182d512","Jacob","Stallings",,"6.5",,"IF","Miami Marlins",,
"7e6d3a38-e780-4f37-aaf8-c09bab61e2a2","J.P.","Crawford",,"6.4",,"IF","Seattle Mariners",,
"d1990e9d-a3ad-4347-a05a-a2bf3e8cfd61","Elvis","Andrus",,"6.4",,"IF","Chicago White Sox",,
"5da5c566-ed96-48af-9c78-d2f387e7c21b","Joey","Wiemer",,"6.4",,"OF","Milwaukee Brewers",,
"f5943242-4f2a-4e4f-9d5e-d02bdf0e1c29","Jarren","Duran",,"6.3",,"OF","Boston Red Sox",,
"ca9f6051-fa6a-4417-a0e0-2106fe8afc73","Martín","Maldonado",,"6.2",,"IF","Houston Astros",,
"4179d944-4226-43c3-8f6c-89e530548b5b","Geraldo","Perdomo",,"6.2",,"IF","Arizona Diamondbacks",,
"68708d52-0d3a-4d8b-8144-e574bf525f25","Owen","Miller",,"6.2",,"IF","Milwaukee Brewers",,
"db94c993-2311-466d-b06e-8b94933b9268","Jackie","Bradley Jr.",,"6.2",,"OF","Kansas City Royals",,
"b676eb3e-4617-4fae-8184-6bbadea7bdcc","Matt","Vierling",,"6.2",,"OF","Detroit Tigers",,
"2758082c-4be8-4f64-b367-2287689e27be","Conner","Capel",,"6.1",,"OF","Oakland Athletics",,
"182e81a7-f1ae-4339-b6db-5ee5a035a4dd","Tyler","Nevin",,"6.1",,"IF","Detroit Tigers",,
"dd788f14-dd6f-4046-8850-bb1c7996afd4","Jake","Woodford",,"6.0",,"P","St. Louis Cardinals",,
"a83aacc5-bae7-4327-ab73-d01497306948","Victor","Robles",,"6.0",,"OF","Washington Nationals",,
"c60938ac-d4f0-41e8-aa69-0f1cce4acb74","Victor","Caratini",,"6.0",,"IF","Milwaukee Brewers",,
"33cb7333-0175-4943-8d2a-9872ef79eaf9","Josh H.","Smith",,"5.8",,"OF","Texas Rangers",,
"62f5a03b-c2c0-48c1-bae6-b2b939f87a67","Austin","Wynns",,"5.4",,"IF","Los Angeles Dodgers",,
"539a4d5f-13f2-4b62-a743-51ffa6df7596","Andrew","Knizner",,"5.4",,"IF","St. Louis Cardinals",,
"c7488f4a-18ce-4540-9a81-566368fef5bd","LaMonte","Wade Jr.",,"5.3",,"IF","San Francisco Giants",,
"41b4c8c5-5ddf-4a9d-8669-a90de81ea208","Garrett","Stubbs",,"5.2",,"IF","Philadelphia Phillies",,
"8d4d42dd-ae2f-4185-8de9-c574a0716c09","Lenyn","Sosa",,"5.1",,"IF","Chicago White Sox",,
"569c4b2c-00c8-4e47-8c9d-fe2f19c01942","Madison","Bumgarner",,"5.0",,"P","Arizona Diamondbacks","IN",
"4d2ca9f1-5b9f-4292-8e7e-8fa65ec2c2cc","Kevin","Smith",,"5.0",,"IF","Oakland Athletics",,
"65662aac-cfb2-4d18-9d93-d0c950af5c8d","Taylor","Motter",,"4.7",,"IF","St. Louis Cardinals",,
"8ed528f2-dec4-4618-ac85-e76ce4b36dff","Jose","Herrera",,"4.3",,"IF","Arizona Diamondbacks",,
"f26d4227-da4c-43dd-9792-49f8b655e3bf","Heliot","Ramos",,"4.2",,"OF","San Francisco Giants",,
"12bcb28d-b5f0-4c9b-9b4a-684532bb74af","Stone","Garrett",,"3.6",,"OF","Washington Nationals",,
"b1ef84bb-00e6-4804-90bb-ea8d7ef7be7d","Lars","Nootbaar",,"3.5",,"OF","St. Louis Cardinals","OUT",
"b42a8bc9-96ec-4951-bc04-4e19a118ec77","C.J.","Cron",,"3.0",,"IF","Colorado Rockies","OUT",
"e90edaee-1d0f-4169-b04b-daaeee9bb598","Nick","Gordon",,"3.0",,"IF","Minnesota Twins",,
"ff6da434-f9ce-49d3-80a9-d76ed926c7c5","Robbie","Grossman",,"3.0",,"OF","Texas Rangers","OUT",
"444ba301-ff2e-4391-82f1-c623acc06ecf","Oswald","Peraza",,"2.9",,"IF","New York Yankees",,
"8b6cc74c-47d4-4041-9ddc-b905e3171b5c","Terrin","Vavra",,"2.8",,"IF","Baltimore Orioles",,
"bd0d5996-3465-4a25-8533-bbdc012f65e5","Ryan","Noda",,"2.8",,"IF","Oakland Athletics",,
"202d1955-f856-4ecd-9d37-e87e9d6490ed","Willi","Castro",,"2.8",,"IF","Minnesota Twins",,
"0a17a2b3-c8e5-49c5-9d66-ffc2089fbba6","Blake","Sabol",,"2.8",,"OF","San Francisco Giants",,
"1615364d-85b6-4066-b104-eb12e4160b3c","Elehuris","Montero",,"2.8",,"IF","Colorado Rockies","OUT",
"34c51d01-67a7-4632-bf24-69477c9ae93c","Aaron","Hicks",,"2.8",,"OF","New York Yankees",,
"81372951-35f3-4cf8-b1f5-74b309007f97","Danny","Jansen",,"2.8",,"IF","Toronto Blue Jays",,
"f9a529bf-b441-4cc7-a375-e530a245bbc6","Nolan","Gorman",,"2.7",,"IF","St. Louis Cardinals",,
"50751173-96f8-44fc-aff1-5c34bc6a888a","Nick","Fortes",,"2.7",,"IF","Miami Marlins",,
"aa4932c1-fbbb-4dbf-bac4-915a918a2781","Bubba","Thompson",,"2.7",,"OF","Texas Rangers",,
"1d8b52fa-bacc-4569-97a2-bb693fa91473","Brett","Phillips",,"2.7",,"OF","Los Angeles Angels",,
"583cee4f-c437-4549-8509-8d5abae378c6","Rowdy","Tellez",,"2.7",,"IF","Milwaukee Brewers",,
"155385c1-45df-4a0d-a17d-f7fff895c1b5","Canaan","Smith-Njigba",,"2.7",,"OF","Pittsburgh Pirates",,
"3ddec340-f0d6-4c08-9050-0bceae4c552b","Alec","Burleson",,"2.7",,"OF","St. Louis Cardinals",,
"cc061635-3b2b-4d0c-9ce6-c4b1687e129c","Tom","Murphy",,"2.7",,"IF","Seattle Mariners",,
"a9a6467c-710b-4107-b1e1-30be59552527","Brad","Miller",,"2.7",,"IF","Texas Rangers",,
"901e0341-3ad4-4083-805c-4cf1d5649af8","Michael","Massey",,"2.6",,"IF","Kansas City Royals",,
"db7d956a-3ead-4dee-8f7a-fb6970d68269","Joey","Gallo",,"2.6",,"OF","Minnesota Twins","PROBABLE",
"8a5147f6-2294-4e0b-b02e-e3583ea11d5e","Edwin","Ríos",,"2.6",,"IF","Chicago Cubs",,
"f28f8e53-99ba-48d9-bb7e-8564d55ce5c9","Kyle","Higashioka",,"2.6",,"IF","New York Yankees",,
"64443850-618e-4860-a02d-25d1ea2cc71f","Elias","Díaz",,"2.6",,"IF","Colorado Rockies",,
"88b3a4cd-3498-4b83-8689-362fbda1a5b5","Marcell","Ozuna",,"2.6",,"OF","Atlanta Braves","OUT",
"4d000f5d-cfa6-45c7-9985-def4dd840691","Brandon","Crawford",,"2.6",,"IF","San Francisco Giants",,
"36728a91-5636-46e7-a9dc-2fb6096d03c6","David","Hensley",,"2.6",,"IF","Houston Astros",,
"b4e0333a-d13a-42d5-a344-bd8aeaab0183","James","McCann",,"2.6",,"IF","Baltimore Orioles",,
"3ff074e1-4aef-4a7c-acab-cdba6fd8c400","Adam","Engel",,"2.5",,"OF","San Diego Padres","OUT",
"8ca3f00e-f1ce-4c3a-9fb1-323fa9e07458","Gavin","Sheets",,"2.5",,"OF","Chicago White Sox",,
"cb72f1eb-81bf-4a04-96b8-ae31fe5fc146","Jake","Lamb",,"2.5",,"IF","Los Angeles Angels",,
"d48886c2-004c-4493-bfb6-af69ab033d12","Raimel","Tapia",,"2.5",,"OF","Boston Red Sox",,
"8a75395b-339e-4618-8ae2-a03f0c20ef2a","Nelson","Cruz",,"2.5",,"OF","San Diego Padres",,
"8a8393b9-9738-48cc-b4e7-04bdd8563a92","Cavan","Biggio",,"2.5",,"IF","Toronto Blue Jays",,
"a4c0e82f-6448-4651-9107-4979b110161e","Oscar","Gonzalez",,"2.5",,"OF","Cleveland Guardians","OUT",
"461ef08f-ceca-451d-93f8-b9a75c9c7e85","Jean","Segura",,"2.5",,"IF","Miami Marlins",,
"fff64b00-4f28-4ede-944a-7e79320e652d","Brent","Rooker",,"2.5",,"OF","Oakland Athletics","QUESTIONABLE",
"8a8f6ede-a24c-4b67-9957-c65fa2ae24f8","Isiah","Kiner-Falefa",,"2.5",,"IF","New York Yankees",,
"4aeb311b-5921-40cf-9cee-b2ac86ebca18","Jesús","Sánchez",,"2.5",,"OF","Miami Marlins",,
"d715932b-e0ec-45aa-a825-9be976640d48","Kody","Clemens",,"2.5",,"IF","Philadelphia Phillies",,
"c3efedc7-c27f-413b-9159-2569c7db1436","César","Salazar",,"2.4",,"IF","Houston Astros",,
"c5951c26-9144-406b-88bb-58f3bac4610c","Yuli","Gurriel",,"2.4",,"IF","Miami Marlins",,
"2644677b-72ce-4445-8555-eb4cdc3c063c","Yonathan","Daza",,"2.4",,"OF","Colorado Rockies","OUT",
"0ca085f6-b0d4-4f1e-8fd8-8edbb6886def","Brett","Wisely",,"2.4",,"IF","San Francisco Giants",,
"5738961b-45df-4745-bc3c-265dec23e47b","Seby","Zavala",,"2.4",,"IF","Chicago White Sox",,
"cc7d5914-5006-436b-abde-77ef9e1e904e","Jesse","Winker",,"2.4",,"OF","Milwaukee Brewers",,
"1a7cc871-bba9-46a4-88e3-ceac7ba94c0b","Cooper","Hummel",,"2.4",,"OF","Seattle Mariners",,
"50f65f21-f895-4bfb-bca6-180cb169a05d","Chadwick","Tromp",,"2.4",,"IF","Atlanta Braves",,
"ef6e46f1-2e39-4406-8bef-e00ed686bd5f","Zach","McKinstry",,"2.4",,"IF","Detroit Tigers",,
"41b8ac8c-f688-43b8-abb3-b21ecd1d3656","Tommy","La Stella",,"2.4",,"IF","Seattle Mariners",,
"912cc1ef-bae7-4172-9bef-6d65426ba03c","Yainer","Diaz",,"2.4",,"IF","Houston Astros",,
"bf7f0063-dc09-4566-a641-8db08ae9028c","Chris","Taylor",,"2.4",,"IF","Los Angeles Dodgers","OUT",
"1212c7c7-877e-466a-beec-9e37b7f32628","Rob","Refsnyder",,"2.4",,"OF","Boston Red Sox",,
"4695b3b7-67db-46eb-aae6-2a603d795026","Evan","Longoria",,"2.4",,"IF","Arizona Diamondbacks",,
"1d97b4d3-ac5c-492d-9c97-e98d15dd038a","Tommy","Pham",,"2.4",,"OF","New York Mets",,
"ffa78378-80bb-4d0a-b404-41161bb0b3f3","Jake","Rogers",,"2.4",,"IF","Detroit Tigers",,
"1101d535-51ae-483d-9e70-91510006ce29","Nate","Eaton",,"2.4",,"OF","Kansas City Royals",,
"6ccdd4c2-ab7b-44b8-9b4c-e46502c114d4","Nathan","Lukes",,"2.4",,"OF","Toronto Blue Jays",,
"7f889b98-5a6e-49e0-b807-43a2f5218585","Ryan","Jeffers",,"2.4",,"IF","Minnesota Twins",,
"f3f31cb5-413e-407e-b4fd-34d0ea134033","Brice","Turang",,"2.3",,"IF","Milwaukee Brewers",,
"0390ceef-f426-46ca-bff1-d8bc6d507426","Tyler","Freeman",,"2.3",,"IF","Cleveland Guardians",,
"8acc16d0-145b-4059-940d-6ab61e2c3c27","Michael","Chavis",,"2.3",,"IF","Washington Nationals",,
"0834e5df-5115-4ffe-affd-9b00e62721a0","Riley","Adams",,"2.3",,"IF","Washington Nationals",,
"d26ed2e1-1aa5-47c5-8178-c4b44fb15b82","Kyle","Isbel",,"2.3",,"OF","Kansas City Royals",,
"60ab4aa0-d510-4fe2-91fc-fb0b1a866b63","Eli","White",,"2.3",,"OF","Atlanta Braves",,
"69d5e222-a99b-4ad8-8500-cb8de48687eb","Kyle","Garlick",,"2.3",,"OF","Minnesota Twins",,
"f1669542-66d1-4cfa-ab05-c3445627c135","Matt","Thaiss",,"2.3",,"IF","Los Angeles Angels",,
"3e72f855-7a5e-4498-bd11-bad2129d7e09","Eduardo","Escobar",,"2.3",,"IF","New York Mets",,
"8430ed54-e790-4d6c-8970-04527e00e90a","Brett","Sullivan",,"2.3",,"IF","San Diego Padres",,
"a873da9a-96fd-4e3a-8b83-6ab95de968f7","Jeter","Downs",,"2.3",,"IF","Washington Nationals",,
"5bd9d8c3-33eb-45d9-a7e4-6a97564d1b2b","Tyler","Wade",,"2.3",,"IF","Oakland Athletics",,
"f432ab08-8f0e-4be9-a711-5d74c9f95b2a","Luis","Rengifo",,"2.3",,"IF","Los Angeles Angels",,
"c32dc585-b71f-46f2-97ac-506323932d2e","Gabriel","Moreno",,"2.3",,"IF","Arizona Diamondbacks",,
"037b27fb-0674-44b2-84e8-622a47570ecd","Cam","Gallagher",,"2.2",,"IF","Cleveland Guardians",,
"6b2898dc-31e9-4810-b494-3fd2ea6669fd","Luis","Torrens",,"2.2",,"IF","Chicago Cubs",,
"a8102058-41e4-47e9-88dc-8cd32be8731e","Adam","Frazier",,"2.2",,"IF","Baltimore Orioles",,
"886473d5-5381-464e-96da-cc1dd410c73d","Jonathan","Schoop",,"2.2",,"IF","Detroit Tigers",,
"083806bf-62bc-4dc2-8046-a20ab7f6dd04","Adam","Haseley",,"2.2",,"OF","Chicago White Sox",,
"8b40fddb-68cb-4efa-964f-73767c3142f5","Santiago","Espinal",,"2.2",,"IF","Toronto Blue Jays",,
"cd29ee8e-0a71-4987-b9aa-87c48ae24c2a","Luis","Guillorme",,"2.2",,"IF","New York Mets",,
"bca64fd3-e7d9-46c1-8ede-4a35357b7890","Tucupita","Marcano",,"2.2",,"OF","Pittsburgh Pirates",,
"aa484343-2647-4e62-97c0-7a5398657621","Nick","Ahmed",,"2.2",,"IF","Arizona Diamondbacks",,
"e6ecfa73-eb59-4a34-b205-efca6152106f","Miguel","Cabrera",,"2.2",,"OF","Detroit Tigers",,
"ad5135b1-b383-4af8-b703-da458f0a42fa","Jason","Heyward",,"2.2",,"OF","Los Angeles Dodgers",,
"bff4a8e9-f270-403d-9a65-aaf1f6527432","Nick","Madrigal",,"2.2",,"IF","Chicago Cubs",,
"723cc28f-0c2c-470c-b4c6-3ebf58f2e6e7","Austin","Barnes",,"2.2",,"IF","Los Angeles Dodgers",,
"dd6243e5-af43-454b-9f8d-d05948a355a1","Ehire","Adrianza",,"2.1",,"IF","Atlanta Braves",,
"5023af9a-cd77-4293-872d-058b84fc8157","Nicky","Lopez",,"2.1",,"IF","Kansas City Royals",,
"b57a2366-b21f-4a46-8e21-4d316b7695d0","Romy","González",,"2.1",,"IF","Chicago White Sox",,
"2d86c8a0-6e47-4f3c-b1fb-4e11273ec852","Carlos","Pérez",,"2.1",,"IF","Oakland Athletics",,
"402b7da8-2ed5-45c4-8820-e28304808244","José","Azocar",,"2.1",,"OF","San Diego Padres",,
"c67367df-3779-4acf-87ad-b5354a8294bf","Austin","Hedges",,"2.1",,"IF","Pittsburgh Pirates",,
"d27327c9-c84f-4394-8d0a-391ebdf76b99","Miguel","Rojas",,"2.1",,"IF","Los Angeles Dodgers","OUT",
"d82bc417-b7ec-455f-b4e6-453548e6abfc","Tucker","Barnhart",,"2.1",,"IF","Chicago Cubs",,
"737d6c00-34da-4f68-9eec-a3f2e4469174","Reese","McGuire",,"2.1",,"IF","Boston Red Sox",,
"67cf8036-2446-483f-85ed-8525014962e3","Meibrys","Viloria",,"1.9",,"IF","Cleveland Guardians",,
"b024f52f-67b6-4541-8ffb-b1136d8acab8","Ryan","O'Hearn",,"1.9",,"IF","Baltimore Orioles",,
"76a97f34-3efd-497c-92c3-244a9facac58","Tomás","Nido",,"1.8",,"IF","New York Mets",,
"4e2aaa99-c61b-4bfc-baa5-a72dbe6f9a52","Sandy","León",,"1.7",,"IF","Texas Rangers",,
"69d58b91-8d43-4acb-9d94-e4bc9269e07a","Cristian","Pache",,"1.5",,"OF","Philadelphia Phillies",,
"c2497287-bc20-4d12-bf3a-f9572c5fed82","Brandon","Dixon",,"1.3",,"IF","San Diego Padres",,
"e54de7e7-2e7b-4875-8b16-0c976dc18f32","Rylan","Bannon",,"1.2",,"IF","Houston Astros",,
"9cd3e9d4-37ba-4616-af31-8f314e2b57f6","Ryan","Yarbrough",,"1.1",,"P","Kansas City Royals",,
"c2304e06-3a4e-46d3-98a5-aeac1f6fad3a","Devin","Williams",,"0.9",,"P","Milwaukee Brewers",,
"7b3d1317-f76f-42fd-84f6-f33397ace3c7","Jhoan","Duran",,"0.9",,"P","Minnesota Twins",,
"4eeb6aeb-5b15-4a5f-b0b1-ec0c652dd959","Scott","Barlow",,"0.8",,"P","Kansas City Royals",,
"c8615e60-a562-4868-8953-9d1abf77af98","Félix","Bautista",,"0.8",,"P","Baltimore Orioles",,
"c768f7c0-5201-407e-9477-2ca3ed252d16","Dinelson","Lamet",,"0.8",,"P","Colorado Rockies",,
"7ea5ba46-112a-4193-b3d0-b6d318ede81a","Kenley","Jansen",,"0.8",,"P","Boston Red Sox",,
"a827bb88-f14c-4184-a6fc-a19ff3da654e","David","Bednar",,"0.8",,"P","Pittsburgh Pirates",,
"5e58b1e7-23eb-422a-ba4b-7d74ea6b1cea","Josh","Hader",,"0.8",,"P","San Diego Padres",,
"8f385435-93e5-4a60-a515-1254e60ea9c8","Ron","Marinaccio",,"0.8",,"P","New York Yankees",,
"1f578460-92cf-44c1-ac10-07ba26c67b95","Caleb","Thielbar",,"0.8",,"P","Minnesota Twins",,
"cec1bbf2-be6e-4d64-b091-a547ee54f716","Craig","Kimbrel",,"0.7",,"P","Philadelphia Phillies",,
"5c419c5c-b5bb-4662-a168-352dc46e89b0","Emmanuel","Clase",,"0.7",,"P","Cleveland Guardians",,
"705df3a2-cf68-45f0-b262-0c49eebf05cc","Ryan","Helsley",,"0.7",,"P","St. Louis Cardinals",,
"03d7d536-9590-48cf-9267-dc4a14b5ceab","Dylan","Lee",,"0.7",,"P","Atlanta Braves",,
"a0f88961-65bd-484c-b9ca-d791bda1679a","Keegan","Thompson",,"0.7",,"P","Chicago Cubs",,
"e8582a41-188d-4530-b929-4270252b3ee4","Evan","Phillips",,"0.7",,"P","Los Angeles Dodgers",,
"91bc9473-0c25-44df-a4ab-751b671acaa7","Jordan","Romano",,"0.7",,"P","Toronto Blue Jays",,
"b4b7f563-bcb8-438f-b598-664f9d0a58f1","Trevor","Stephan",,"0.7",,"P","Cleveland Guardians",,
"67154159-5f90-42de-97ed-4762563dc6c9","Giovanny","Gallegos",,"0.7",,"P","St. Louis Cardinals",,
"d36cf790-4361-47b3-a21b-1226a5917e59","Diego","Castillo",,"0.7",,"P","Seattle Mariners",,
"99582c80-e8a3-48d6-a76f-b1b48376c737","Tanner","Scott",,"0.7",,"P","Miami Marlins",,
"8334d11a-d9ec-4b40-aa22-a828e8fddd43","Brad","Boxberger",,"0.7",,"P","Chicago Cubs",,
"dbcc8921-5d4c-4a0a-a047-02f0295ea273","Adam","Ottavino",,"0.7",,"P","New York Mets",,
"bf12758c-b7a7-4aaa-829c-a4a60a872033","Jake","Diekman",,"0.7",,"P","Chicago White Sox",,
"431cad99-b2d8-46a2-aca4-29bbc935e6f1","Eli","Morgan",,"0.7",,"P","Cleveland Guardians",,
"37dfcd01-e141-4515-8812-fb898003a971","Jorge","López",,"0.7",,"P","Minnesota Twins",,
"9ad2233a-3cd0-4a86-ade3-f2428a436d9b","Camilo","Doval",,"0.7",,"P","San Francisco Giants",,
"eb388927-856f-4320-94ec-5551edb00c4b","Clay","Holmes",,"0.7",,"P","New York Yankees",,
"8d428064-f875-44d3-8d72-4ca97e028d7f","Chris","Stratton",,"0.7",,"P","St. Louis Cardinals",,
"dad7df72-5aa5-437a-8a74-d1aa84e59bc4","A.J.","Minter",,"0.7",,"P","Atlanta Braves",,
"ba8649e2-5532-4789-b6e0-5b01385ed871","Daniel","Bard",,"0.7",,"P","Colorado Rockies","OUT",
"71e95b56-2d9b-480d-ad16-3d90385d105b","Adbert","Alzolay",,"0.7",,"P","Chicago Cubs",,
"d5c18656-b4ee-4067-a845-3af978ca0b77","Wil","Crowe",,"0.7",,"P","Pittsburgh Pirates",,
"50aa8ca6-b776-4be8-b6c4-1872d7ab6922","Brent","Suter",,"0.7",,"P","Colorado Rockies",,
"9295c882-b21b-4394-9501-fee4a1cc4e91","Ryan","Pressly",,"0.7",,"P","Houston Astros",,
"678cb939-7066-4efe-898b-71bdd254e5f8","Brent","Headrick",,"0.7",,"P","Minnesota Twins",,
"f968e20d-e882-4b05-8a67-442ca4c9ff90","Jose","Hernandez",,"0.7",,"P","Pittsburgh Pirates",,
"04ce3d75-bcff-4a34-822a-20d85ae62751","Brandon","Hughes",,"0.7",,"P","Chicago Cubs",,
"68f5b19a-55b1-4bd7-a74a-7e708009aa62","Austin","Voth",,"0.7",,"P","Baltimore Orioles",,
"3cfb94a3-3c26-4551-a5bc-228db068b2d5","Tim","Herrin",,"0.7",,"P","Cleveland Guardians",,
"98a4af4d-75d9-4abf-94d2-47a7d771d880","Dane","Dunning",,"0.6",,"P","Texas Rangers",,
"c6a28043-c86a-42cb-97b0-5e0346b510a8","Emilio","Pagán",,"0.6",,"P","Minnesota Twins",,
"e96d743a-0e59-4f89-9753-940020ee05d6","George","Soriano",,"0.6",,"P","Miami Marlins",,
"5e07ce01-9982-430a-b504-dac7cc6bb1f8","José","Leclerc",,"0.6",,"P","Texas Rangers",,
"9ea1ed55-0dcb-469b-85d2-87033914f55c","Hector","Neris",,"0.6",,"P","Houston Astros",,
"fe6efd6e-01d0-41b3-a5b5-bd63e6392182","Peter","Strzelecki",,"0.6",,"P","Milwaukee Brewers",,
"78ec11e9-9899-4d65-ba4a-f0470e403f92","Michael","King",,"0.6",,"P","New York Yankees",,
"9c9486f7-33c2-44ba-9eda-32780c3a7342","Keegan","Akin",,"0.6",,"P","Baltimore Orioles",,
"4cc7ea17-b9b1-460b-a33a-8af4dc31bae8","Will","Smith",,"0.6",,"P","Texas Rangers",,
"dc105315-71fe-4e3e-bfe4-cac9edf7b51b","A.J.","Puk",,"0.6",,"P","Miami Marlins",,
"0667e51a-f51c-4589-80c4-ab2205945d9b","Griffin","Jax",,"0.6",,"P","Minnesota Twins",,
"16f3365c-0480-49ba-ac3a-3802b96f0c17","Kyle","Finnegan",,"0.6",,"P","Washington Nationals",,
"1f2064e2-abdf-4de1-b2a0-1338f36e50d6","Alex","Lange",,"0.6",,"P","Detroit Tigers",,
"68eb2dae-f3c0-4223-af3a-a30bb433ccd9","Matt","Bush",,"0.6",,"P","Milwaukee Brewers",,
"91460746-265e-4ee9-b43d-343e2f524a2a","Dylan","Floro",,"0.6",,"P","Miami Marlins",,
"b7afddc2-4c07-4338-aae9-1b927c6a5597","Duane","Underwood Jr.",,"0.6",,"P","Pittsburgh Pirates",,
"a3cbe6a2-a462-43dd-bd46-27434003bc2f","Ryne","Stanek",,"0.6",,"P","Houston Astros",,
"556b0c54-5aab-4c26-a719-ae4db49ee924","Michael","Fulmer",,"0.6",,"P","Chicago Cubs",,
"624094b3-dda5-4583-9e7e-de720e288e1c","Gregory","Soto",,"0.6",,"P","Philadelphia Phillies",,
"f007fc93-36d0-4346-a3b5-fabf836ea32e","Phil","Maton",,"0.6",,"P","Houston Astros",,
"ebab663b-36bc-4084-b08e-ca839e71bbaa","Kendall","Graveman",,"0.6",,"P","Chicago White Sox",,
"913c771c-4067-4872-be75-51cea52d9555","Reynaldo","López",,"0.6",,"P","Chicago White Sox",,
"869f5d2f-d309-43e0-9abf-aa06d424d12e","Taylor","Rogers",,"0.6",,"P","San Francisco Giants",,
"386d02d0-7ef0-4479-8e47-5d01876b5c8c","Brad","Hand",,"0.6",,"P","Colorado Rockies",,
"c7cc7d98-aec3-484a-990f-ed7c3ef9a5a6","Wandy","Peralta",,"0.6",,"P","New York Yankees",,
"9545b62f-29e4-486b-9e29-556bf95d9dea","Anthony","Bass",,"0.6",,"P","Toronto Blue Jays",,
"7a68de4a-4904-4b99-a0ec-991c9f0434cb","Génesis","Cabrera",,"0.6",,"P","St. Louis Cardinals",,
"e0eac02b-a2ed-43cc-be80-6c580d7748bc","Nabil","Crismatt",,"0.6",,"P","San Diego Padres",,
"7c5764f7-7fdc-41b1-9925-db100877f68e","Yimi","García",,"0.6",,"P","Toronto Blue Jays",,
"9a94d5c4-0222-41bc-809c-18be1d7ae871","Trevor","Richards",,"0.6",,"P","Toronto Blue Jays",,
"f6667017-881d-494b-96b8-a2ca40084041","Andrew","Chafin",,"0.6",,"P","Arizona Diamondbacks",,
"b0d55ed0-18b9-41d0-a214-e21636f4a7c1","Taylor","Clarke",,"0.6",,"P","Kansas City Royals",,
"836d37d6-0755-4491-8e7c-0382f50da7c5","Matt","Moore",,"0.6",,"P","Los Angeles Angels",,
"5dfc6a1f-4e44-4b0c-b1c9-29a897a2e484","Michael","Tonkin",,"0.6",,"P","Atlanta Braves",,
"06d73054-a3ea-4ed0-b4e7-b7da9fb29b51","Joe","Jiménez",,"0.5",,"P","Atlanta Braves",,
"b083e935-1d3b-4864-a076-ce23aaaf6ebb","Jeurys","Familia",,"0.5",,"P","Oakland Athletics",,
"d5af81a1-eda4-468b-b9ef-39af82526aa9","Mason","Englert",,"0.5",,"P","Detroit Tigers",,
"d6851fc2-ad17-4914-95cf-00660ea9c9a2","Trey","Wingenter",,"0.5",,"P","Detroit Tigers",,
"d8c6da44-07b6-4229-b66e-30077f406acd","Jakob","Junis",,"0.5",,"P","San Francisco Giants",,
"572a3395-d7be-4cdd-91c7-5b1126afc29e","Jaime","Barría",,"0.5",,"P","Los Angeles Angels",,
"ade42e81-a1c6-4e81-b2c1-d72c04b4abb8","Adam","Cimber",,"0.5",,"P","Toronto Blue Jays",,
"66bba53f-1b65-498e-9203-449bec55d330","Aaron","Loup",,"0.5",,"P","Los Angeles Angels",,
"4ea2f1dc-42af-40f8-8a7d-df2d46df9662","Tyler","Rogers",,"0.5",,"P","San Francisco Giants",,
"0da281a3-fb12-4647-a4be-0be425991a8c","Rafael","Montero",,"0.5",,"P","Houston Astros",,
"f26427f1-278a-4977-a4f2-0e4a0ce8fac6","Scott","McGough",,"0.5",,"P","Arizona Diamondbacks",,
"64045a7e-ee8d-41c4-88e1-78993765face","James","Karinchak",,"0.5",,"P","Cleveland Guardians",,
"dd489ce7-b317-4de3-9f87-d86ae2778a5d","Jesse","Chavez",,"0.5",,"P","Atlanta Braves",,
"b9d39ba5-89e4-44d5-8255-d25ec884d88d","José","Ruiz",,"0.5",,"P","Arizona Diamondbacks",,
"6ac4a137-14bc-4ffb-9d5a-36b077a35dcd","Carlos","Estévez",,"0.5",,"P","Los Angeles Angels",,
"eda704ee-8add-4695-9848-7c8a91dcb34d","Carlos","Hernández",,"0.5",,"P","Kansas City Royals",,
"2ba6ff7f-d151-47b9-ab58-bf0eda076606","Tyler","Alexander",,"0.5",,"P","Detroit Tigers",,
"746180ee-a23a-4f82-96b8-ea49a9615df7","Brusdar","Graterol",,"0.5",,"P","Los Angeles Dodgers",,
"455bf241-5bda-4d86-8ebd-fda9b637b6ee","Erasmo","Ramírez",,"0.5",,"P","Washington Nationals",,
"3d56d7ae-d209-4287-ae96-fdc4960ed7b3","Paul","Sewald",,"0.4",,"P","Seattle Mariners",,
"06826613-6a1f-4324-9e6d-602730aca24a","Aroldis","Chapman",,"0.4",,"P","Kansas City Royals",,
"5f280349-da24-4cc7-98ef-87dabe452920","Tucker","Davidson",,"0.4",,"P","Los Angeles Angels",,
"8d3dbfd6-9267-44d9-adef-4c688852daa8","Seranthony","Domínguez",,"0.4",,"P","Philadelphia Phillies",,
"adaf7afa-0393-42bb-ae34-f6a70932cee6","Andrew","Bellatti",,"0.3",,"P","Philadelphia Phillies",,
"d55dbf23-7f63-4d70-b799-690edeb79ae9","Alex","Vesia",,"0.3",,"P","Los Angeles Dodgers",,
"ea88fea6-9809-4096-951e-6c658a6f9606","Josh","Staumont",,"0.3",,"P","Kansas City Royals",,
"38608b78-9691-4bd1-a4fc-42ea1c69be45","José","Alvarado",,"0.3",,"P","Philadelphia Phillies",,
"00e6f1d1-9701-4c4f-bd07-3340acd6fb29","Pierce","Johnson",,"0.3",,"P","Colorado Rockies",,
"2af2f7c2-725f-4c39-bbe1-f8760d29867d","Trevor","May",,"0.3",,"P","Oakland Athletics",,
"02767f34-af10-49a2-8f25-de5f21c3efe7","Matt","Barnes",,"0.3",,"P","Miami Marlins",,
"dcfde54f-f97d-4404-bde3-bdd00c80b32a","Brock","Burke",,"0.3",,"P","Texas Rangers",,
"4276bba1-5574-4192-afe9-929de1d02974","Amir","Garrett",,"0.3",,"P","Kansas City Royals",,
"34be39f0-51fb-4764-835c-f68af375914f","Bryan","Abreu",,"0.3",,"P","Houston Astros",,
"aefd6b1c-380b-4b9f-b623-012ddce97b5f","Connor","Brogdon",,"0.2",,"P","Philadelphia Phillies",,
"95a70ec1-0e1a-47b2-a38d-ec6539b333e3","John","Schreiber",,"0.2",,"P","Boston Red Sox",,
"f15097cc-15f5-480b-912b-c1d2d22be03c","Erik","Swanson",,"0.2",,"P","Toronto Blue Jays",,
"62049ab9-defb-4cbe-a0f5-b4550830a667","Cionel","Pérez",,"0.2",,"P","Baltimore Orioles",,
"99cd0b31-ad93-48ab-b70f-8491ac082d52","David","Robertson",,"0.2",,"P","New York Mets",,
"5eee8c64-c65b-41dc-be43-d4b3cbd30ea4","Penn","Murfee",,"0.2",,"P","Seattle Mariners",,
"378bd834-b481-41f5-b5ca-51629007773d","Nick","Sandlin",,"0.2",,"P","Cleveland Guardians",,
"f80a5abb-597d-4084-9207-de810b8adc56","Aaron","Bummer",,"0.2",,"P","Chicago White Sox",,
"ba369d87-b987-4961-afcf-8f4092aceca0","Miguel","Castro",,"0.2",,"P","Arizona Diamondbacks",,
"daf164f2-38c4-480e-9d3b-199397c4c347","Brooks","Raley",,"0.2",,"P","New York Mets",,
"59be0b68-cdff-4c25-aa25-8a384a6cc5a6","Robert","Stephenson",,"0.2",,"P","Pittsburgh Pirates",,
"c50766ff-4120-4f62-a670-751ff3c6d70f","Yohan","Ramirez",,"0.2",,"P","Pittsburgh Pirates",,
"8642fa26-3481-44f1-a83f-de78532e9bfd","Tim","Mayza",,"0.2",,"P","Toronto Blue Jays",,
"a8885333-3719-4f25-bee2-8720586b704c","Matt","Brash",,"0.2",,"P","Seattle Mariners",,
"a55dc3c6-15dc-438e-a318-f43cc663e40e","Luis","García",,"0.2",,"P","San Diego Padres",,
"66ece426-f2ec-4d62-921f-0712645670a7","Drew","Smith",,"0.2",,"P","New York Mets",,
"f3298a4c-d2fc-4216-b85e-0ace0793fbbf","Zach","Jackson",,"0.2",,"P","Oakland Athletics",,
"703da597-9bfc-44a7-8667-166613948b64","Jimmy","Herget",,"0.2",,"P","Los Angeles Angels",,
"a6296ec4-b694-411f-8a5b-5e687afbaefb","Bryan","Baker",,"0.2",,"P","Baltimore Orioles",,
"0f68e8d0-cb41-414e-9ea6-91883b05f0bc","Phil","Bickford",,"0.2",,"P","Los Angeles Dodgers",,
"e60843e9-2a24-4f30-8c73-45507579990b","Kutter","Crawford",,"0.2",,"P","Boston Red Sox",,
"7f7033f0-aba2-489b-8d6f-9bb1818f473e","Josh","Sborz",,"0.2",,"P","Texas Rangers",,
"460d315c-d6e7-4f2c-99f8-0bc5ad61bcb4","Ryan","Brasier",,"0.2",,"P","Boston Red Sox",,
"41d8a213-bd4b-4871-b6be-bbe707527b1a","Mark","Leiter Jr.",,"0.2",,"P","Chicago Cubs",,
"86e29c6e-520c-4f6e-a06d-cba4dfd2984f","Ian","Kennedy",,"0.2",,"P","Texas Rangers",,
"ccf1251a-21c0-4521-8825-bd677aafcdac","Jorge","Alcala",,"0.2",,"P","Minnesota Twins",,
"6cd766b7-87a7-4722-950f-3087778f3f6e","Andrew","Wantz",,"0.2",,"P","Los Angeles Angels",,
"83f123c5-399f-45d0-ad8c-2ab1e48ef037","José","Cisnero",,"0.2",,"P","Detroit Tigers",,
"4e47ebc1-af93-4b3e-8488-e290762156fc","Devin","Smeltzer",,"0.2",,"P","Miami Marlins",,
"ccedd115-4ac4-486c-9885-8f5e7ecd48f5","José","Quijada",,"0.2",,"P","Los Angeles Angels",,
"4a297a9b-6288-4901-97c6-5da62eaafd4c","Carl","Edwards Jr.",,"0.2",,"P","Washington Nationals",,
"afbdd9ac-0b72-4c20-866b-130ae406642c","Hoby","Milner",,"0.2",,"P","Milwaukee Brewers",,
"8af6e8c0-8652-45b8-8d46-d53c6ca97204","Albert","Abreu",,"0.1",,"P","New York Yankees",,
"d32b60be-1c27-44b2-ae9d-c24cd31b30d5","Julian","Merryweather",,"0.1",,"P","Chicago Cubs",,
"cb26a2c9-f03d-41fe-b843-4cf26432ec3f","Steven","Wilson",,"0.1",,"P","San Diego Padres",,
"9f5ecf15-e8c6-4fba-9507-3c8dea4bf4a4","Tim","Hill",,"0.1",,"P","San Diego Padres",,
"301f7700-205f-4ffa-b29b-6c710be49acd","Jovani","Moran",,"0.1",,"P","Minnesota Twins",,
"6b7c8127-a920-4681-b625-243f2f847dcc","Jonathan","Hernández",,"0.1",,"P","Texas Rangers",,
"7edcd3d2-54ec-4c68-ad0e-237aaec0d028","Caleb","Ferguson",,"0.1",,"P","Los Angeles Dodgers",,
"529c7f4f-cff2-4b61-b10e-e05d6309238e","Yency","Almonte",,"0.1",,"P","Los Angeles Dodgers",,
"c25ba9ea-c5be-4d6d-8d1d-4dd150c3aad3","Richard","Bleier",,"0.1",,"P","Boston Red Sox",,
"5991ac00-0766-47c1-9c9c-8331a55fdc59","Michael","Rucker",,"0.1",,"P","Chicago Cubs",,
"a058305e-39b0-4d3f-991f-2c9db30bc870","Justin","Lawrence",,"0.1",,"P","Colorado Rockies",,
"ba628c11-2074-4ad7-b25d-96c4088c38db","John","Brebbia",,"0.1",,"P","San Francisco Giants",,
"eddd9176-8508-4bdc-8226-af2feb7a39fc","John","Curtiss",,"0.1",,"P","New York Mets",,
"907b8df6-8a71-49a5-8865-441ef71c6a27","Sam","Moll",,"0.1",,"P","Oakland Athletics",,
"62a0611c-fa22-474b-abfe-f22167af2b18","Hunter","Harvey",,"0.1",,"P","Washington Nationals",,
"cd529513-4299-4866-b2cd-2536a67c007b","Jordan","Hicks",,"0.1",,"P","St. Louis Cardinals",,
"414fcb9f-6455-436b-916a-510a45267bb1","Jimmy","Lambert",,"0.1",,"P","Chicago White Sox",,
"9678faab-05f4-459d-a996-13889c36ca4f","Josh","Taylor",,"0.1",,"P","Kansas City Royals",,
"f56d3cb1-6d0b-4658-83a7-e6828648da26","Chasen","Shreve",,"0.1",,"P","Detroit Tigers",,
"b99c17a5-7057-41fe-9cee-fcc811ffa93b","Joe","Mantiply",,"0.1",,"P","Arizona Diamondbacks",,
"f970bd16-afb2-48e2-ab04-4130b1d2327d","Joel","Payamps",,"0.1",,"P","Milwaukee Brewers",,
"e9ab6e1c-c691-447e-8adf-d852eaf0f4bf","Huascar","Brazoban",,"0.1",,"P","Miami Marlins",,
"130f1a60-754c-451d-9fb5-368d4d345635","Zach","Pop",,"0.1",,"P","Toronto Blue Jays",,
"554d6e9e-da13-47a1-864a-3340b4264314","Colin","Holderman",,"0.1",,"P","Pittsburgh Pirates",,
"84cbe16f-5d59-46a8-b524-e34fe5240cd1","Adrián","Martínez",,"0.1",,"P","Oakland Athletics",,
"ec11ee5f-4cf8-45cb-add3-fe20a752d6d1","Trevor","Gott",,"0.1",,"P","Seattle Mariners",,
"0be3aa9d-fa49-4fc6-899a-0277c77776c8","Danny","Coulombe",,"0.1",,"P","Baltimore Orioles",,
"03861991-9038-4486-916a-b4b279b22602","Jose","Cuas",,"0.1",,"P","Kansas City Royals",,
"197bef92-8900-49da-a100-1ef2b07ac02f","Josh","Winckowski",,"0.1",,"P","Boston Red Sox",,
"37a6ffa8-1178-49c7-9ea4-f21d7febd701","Tommy","Hunter",,"0.1",,"P","New York Mets","OUT",
"267698a2-7637-4a09-9e39-529f553da187","Tanner","Banks",,"0.1",,"P","Chicago White Sox",,
"4a5f69bd-980a-432a-a674-1b7e188c17ba","Zack","Thompson",,"0.1",,"P","St. Louis Cardinals",,
"e043bd17-8b5c-4e48-b014-ce41920bee72","Dauri","Moreta",,"0.1",,"P","Pittsburgh Pirates",,
"074fa69c-fc19-4398-86c1-2965ac436405","Seth","Martinez",,"0.1",,"P","Houston Astros",,
"ae35a458-9ff3-4cb8-90d7-7ff4ae4fd211","Nick","Anderson",,"0.1",,"P","Atlanta Braves",,
"c7fe1165-8fe4-4733-acb5-ad76f4ad07b4","Anthony","Banda",,"0.1",,"P","Washington Nationals",,
"e93cb6cf-e5c5-42f6-9f3d-57340e76d3ba","Jake","Bird",,"0.1",,"P","Colorado Rockies",,
"e98ebf02-c717-4bb3-839d-a452cb06243e","Bryse","Wilson",,"0.1",,"P","Milwaukee Brewers",,
"0739df25-64ea-412a-af9f-18b02641fda0","Mason","Thompson",,"0.1",,"P","Washington Nationals",,
"f09ecc44-d2f8-468b-a6c5-a05be4377c7c","Kevin","Ginkel",,"0.1",,"P","Arizona Diamondbacks",,
"cd893d49-ff99-49d8-bb23-330dfff4e52f","Jeff","Brigham",,"0.1",,"P","New York Mets",,
"c9c16660-2993-478d-8faa-3c0e042bb43e","Kaleb","Ort",,"0.0",,"P","Boston Red Sox",,
"e59d2b2a-cb97-4ebe-baef-7a66df314bd5","Greg","Weissert",,"0.0",,"P","New York Yankees",,
"7c90dd9a-ce2a-4bd8-bac9-aefdeb872140","Drew","VerHagen",,"0.0",,"P","St. Louis Cardinals",,
"140f2e25-5383-4ffd-9725-d26bcca439cc","Jason","Foley",,"0.0",,"P","Detroit Tigers",,
"a67587c6-eccd-415e-b6ce-92002e7a9988","Gabe","Speier",,"0.0",,"P","Seattle Mariners",,
"322664ac-3b91-4818-8609-2682979fdf00","Richard","Lovelady",,"0.0",,"P","Oakland Athletics",,
"72d88b29-afe1-423a-9a74-cd012745e30a","Scott","Alexander",,"0.0",,"P","San Francisco Giants",,
"256bc995-a29d-4a38-9b99-74ce8d7b44b5","Jimmy","Yacabonis",,"0.0",,"P","New York Mets",,
"63115cfd-f882-4f00-8575-c8b1218b765d","Andrew","Nardi",,"0.0",,"P","Miami Marlins",,
"a1ab6dc4-cbec-44f3-8c78-c94a079331ce","Kyle","Nelson",,"0.0",,"P","Arizona Diamondbacks",,
"1e155cc9-2a14-482c-b265-8777d7782dd0","Keynan","Middleton",,"0.0",,"P","Chicago White Sox",,
"3c519948-91f1-4e22-a2b4-b0396a9a343e","Mike","Baumann",,"0.0",,"P","Baltimore Orioles",,
"7f57d264-abe5-436c-a84a-944692bc2a05","Sean","Hjelle",,"0.0",,"P","San Francisco Giants",,
"c8ebaeee-0a7e-4c99-999f-44341291657b","Adam","Oller",,"0.0",,"P","Oakland Athletics",,
"458801df-f3ae-43c4-af69-11456ff5f22f","Yennier","Cano",,"0.0",,"P","Baltimore Orioles",,
"f98f606a-9e37-4c36-9c0e-dc6b81801dda","Justin","Bruihl",,"0.0",,"P","Los Angeles Dodgers",,
"3857489b-3b58-49c0-8e3a-bf0c8597c59f","Andrew","Vasquez",,"0.0",,"P","Philadelphia Phillies",,
"01a9ace3-5f0f-4cc2-9849-d83b5b44d6d7","Logan","Gillaspie",,"0.0",,"P","Baltimore Orioles",,
"9244fd4d-74d6-4159-9748-3e328b0dbefc","Reiss","Knehr",,"0.0",,"P","San Diego Padres",,
"1ce44fbd-fc58-4c52-b8b8-73d2ab860a05","Ty","Blach",,"0.0",,"P","Colorado Rockies",,
"22de3817-e8f5-4f17-8014-1fc440962de1","Cole","Ragans",,"0.0",,"P","Texas Rangers",,
"abc3f959-ce2a-4a8f-b62b-0925650a9154","JoJo","Romero",,"0.0",,"P","St. Louis Cardinals",,
"39718392-cf9a-4263-8288-9f3bd1a137d1","Denyi","Reyes",,"0.0",,"P","New York Mets",,
"77164aa9-587d-4bd2-b21a-397b38ae92f5","Peter","Solomon",,"0.0",,"P","Arizona Diamondbacks",,
"54070a6b-bcae-4789-8106-c1e5e10b3bf6","Tyler","Holton",,"0.0",,"P","Detroit Tigers",,
"a7301714-29e0-4cdd-8375-f22793ffaf25","Jimmy","Cordero",,"0.0",,"P","New York Yankees",,
"e0ab1ac8-4b63-4328-99d2-813e66e175f1","Ian","Hamilton",,"0.0",,"P","New York Yankees",,
"fa5e0f89-665e-46e6-9e20-cda5ce9bee91","Justin","Topa",,"0.0",,"P","Seattle Mariners",,
"3879f9b4-365f-44f5-b521-cae5180c3c23","Edwin","Uceta",,"0.0",,"P","New York Mets",,
"5c5b8532-9a89-4f0b-aedd-6e2f515b4f79","Luis","Ortiz",,"0.0",,"P","Philadelphia Phillies",,
"f5a3254b-c3b7-4e76-8d44-622d87b4fd8b","Shelby","Miller",,"0.0",,"P","Los Angeles Dodgers",,
"9b40abb2-4f00-49d7-9754-c783a3a1d1e3","Drew","Rucinski",,"0.0",,"P","Oakland Athletics","OUT",
"9bc5aa47-3ec0-4a03-bee9-1866d98da96b","Bobby","Dalbec",,"0.0",,"IF","Boston Red Sox",,
"9bee0ac5-8104-42b1-9faa-e0c161828f64","Roberto","Pérez",,"0.0",,"IF","San Francisco Giants","OUT",
"9c791c96-52b9-42a0-bd8a-658b90094d47","Tim","Anderson",,"0.0",,"IF","Chicago White Sox","OUT",
"51a5249f-e691-4ec8-8c8c-f1603fd0500a","Kyle","Wright",,"0.0",,"P","Atlanta Braves",,
"51775ee3-7885-4e8a-98d5-9c5e98fdb2bf","Brandon","Bielak",,"0.0",,"P","Houston Astros",,
"515caa68-dec5-4bd0-adbf-25bb1a3d6174","Ryan","Weathers",,"0.0",,"P","San Diego Padres",,
"9d77d194-803d-452f-845e-8b0ebc45ccd3","Will","Smith",,"0.0",,"IF","Los Angeles Dodgers","OUT",
"507e4e96-f5fd-4fcd-bb8b-fc9e5cb7ec2f","José","Marte",,"0.0",,"P","Los Angeles Angels","OUT",
"9e4e7c6b-4c53-46c5-9b30-2dc66e3d1d92","Julio","Urías",,"0.0",,"P","Los Angeles Dodgers",,
"4ea61038-77b1-46fa-baa8-ff21a449269b","José","Rodríguez",,"0.0",,"P","Seattle Mariners",,
"9ee32b66-3b43-4fee-a324-3b11a622807b","Michael","Kopech",,"0.0",,"P","Chicago White Sox",,
"4e188bbc-4c47-4fc6-88f5-475de513f7d4","A.J.","Alexy",,"0.0",,"P","Chicago White Sox",,
"4e17e0e3-ca18-4c92-ab05-8122d0f1a1ba","Nathan","Eovaldi",,"0.0",,"P","Texas Rangers",,
"4ca2b7e2-df06-4def-9bb9-15bd004fd2b0","Nate","Pearson",,"0.0",,"P","Toronto Blue Jays",,
"4ba720ee-b4a0-43b0-a8ba-17a50761eb82","Brad","Keller",,"0.0",,"P","Kansas City Royals",,
"4ad155c1-c53d-4a73-9a5f-1f79ce2b64c3","Austin","Slater",,"0.0",,"OF","San Francisco Giants","OUT",
"4a8b3b08-7874-4fed-b6d6-83f9290a6855","Ian","Anderson",,"0.0",,"P","Atlanta Braves","OUT",
"a0431ce7-e359-4b1a-9365-65703474b731","Cole","Irvin",,"0.0",,"P","Baltimore Orioles",,
"a0a30086-f53c-449c-8b1f-3e0af4f6d403","Hunter","Gaddis",,"0.0",,"P","Cleveland Guardians",,
"a0bdfde6-cf5b-43cb-a816-c026c8015003","Thomas","Szapucki",,"0.0",,"P","San Francisco Giants","OUT",
"a0eeeec1-40cf-42c4-b19f-60c28921d29c","Lucas","Gilbreath",,"0.0",,"P","Colorado Rockies","OUT",
"a1267fa5-c778-4c8c-9e24-2c62f72c7e2b","Joely","Rodríguez",,"0.0",,"P","Boston Red Sox","OUT",
"a1305398-8cc5-4920-af6c-12e8d9bb11a1","Louie","Varland",,"0.0",,"P","Minnesota Twins",,
"a16d6fa6-4719-4738-8218-8bbf7d7ac32e","Lou","Trivino",,"0.0",,"P","New York Yankees","OUT",
"a2ccf881-a66b-4fd8-9e04-d3e2d3bd90e4","Andre","Pallante",,"0.0",,"P","St. Louis Cardinals",,
"49b689fd-ba86-4f6b-92db-d772d06424b1","Steven","Matz",,"0.0",,"P","St. Louis Cardinals",,
"481bd5b8-9c75-451c-babe-7bdfd6a1a3a4","Taylor","Trammell",,"0.0",,"OF","Seattle Mariners","OUT",
"a41bebed-d172-4fc1-afc5-27a065094148","Triston","McKenzie",,"0.0",,"P","Cleveland Guardians","OUT",
"a472a887-2b48-49b0-8def-8aa5e46c4b18","Miles","Mikolas",,"0.0",,"P","St. Louis Cardinals",,
"4763e85a-0350-4878-9cd5-815f98a9a79b","Frankie","Montas",,"0.0",,"P","New York Yankees","OUT",
"475a60f7-7909-4c12-9ffa-e19e857c16e3","Daniel","Lynch",,"0.0",,"P","Kansas City Royals","OUT",
"472e0cac-9055-4d68-9003-137d0cf555a7","Elieser","Hernández",,"0.0",,"P","New York Mets","OUT",
"a608041d-9439-49d8-bf60-7e3d675106dd","Tommy","Henry",,"0.0",,"P","Arizona Diamondbacks",,
"a60840ec-7a05-445d-9e62-949f2595222c","Joe","Kelly",,"0.0",,"P","Chicago White Sox","OUT",
"a672c2e5-3294-4679-94b8-57d6fd101ffa","Aaron","Ashby",,"0.0",,"P","Milwaukee Brewers","OUT",
"a6987fe3-6e75-4692-a350-a7a65d33dd09","Davis","Martin",,"0.0",,"P","Chicago White Sox",,
"a6c43fe2-6386-4c91-b70a-0fb668acf721","Bailey","Falter",,"0.0",,"P","Philadelphia Phillies",,
"a764df7b-cbdb-42c0-afc4-339365b98914","Tyler","Wells",,"0.0",,"P","Baltimore Orioles",,
"a778ff1e-5a7d-4751-9005-93a3c544e4e2","Chris","Rodriguez",,"0.0",,"P","Los Angeles Angels","OUT",
"47025daf-f3fb-474c-8a13-592ac6286a05","Casey","Mize",,"0.0",,"P","Detroit Tigers","OUT",
"46c7e6e1-88cc-4d4d-b721-493a82a9687e","Seth","Lugo",,"0.0",,"P","San Diego Padres",,
"466c3295-f06b-49dd-90f7-cd26cf35d2e6","Jeremiah","Estrada",,"0.0",,"P","Chicago Cubs",,
"a82d565a-0f9f-4e9b-b3ee-22a2568a7461","Yoán","Moncada",,"0.0",,"IF","Chicago White Sox","OUT",
"458cc74e-dd5a-4000-bc9b-2d03ca3903da","Kirby","Yates",,"0.0",,"P","Atlanta Braves",,
"a9136c74-9a83-4c56-8442-00cb0c90f810","Max","Stassi",,"0.0",,"IF","Los Angeles Angels","OUT",
"aa10bcd8-8b8b-4868-a769-5684360e1844","José","Urquidy",,"0.0",,"P","Houston Astros",,
"aac81d46-8e53-47d5-9eae-2c713c0ffb78","Ryan","Pepiot",,"0.0",,"P","Los Angeles Dodgers","OUT",
"448b6896-e48a-4e33-a74a-523cf1108805","Cade","Cavalli",,"0.0",,"P","Washington Nationals","OUT",
"4471a69a-0252-4df7-8856-be67429ccb09","Luis","Urías",,"0.0",,"IF","Milwaukee Brewers","OUT",
"4459bb9f-7625-4f4a-8c15-d055be724a9e","Chad","Green",,"0.0",,"P","Toronto Blue Jays","OUT",
"ac7753be-e3c9-4e1a-b49a-b26123930ea4","Anthony","DeSclafani",,"0.0",,"P","San Francisco Giants",,
"4315e913-2e59-41e2-8dcf-6e49155f2ddf","Chas","McCormick",,"0.0",,"OF","Houston Astros","OUT",
"4268146a-df5f-447f-8daf-77c222c3bcb1","Amed","Rosario",,"0.0",,"IF","Cleveland Guardians","OUT",
"4220eded-1283-4534-b886-ecbec9ce5fc3","Nicholas","Padilla",,"0.0",,"P","Chicago White Sox",,
"adcaa63a-0a16-4f6e-b9ff-8667d4aadc42","Frank","German",,"0.0",,"P","Chicago White Sox",,
"ae89a129-fe05-4338-868e-9f0ec989c5e4","Domingo","Germán",,"0.0",,"P","New York Yankees",,
"aeeead40-68ef-4125-a111-4f9af74c8b3e","Drew","Waters",,"0.0",,"OF","Kansas City Royals","OUT",
"af4429cb-4091-4131-b02c-0df1cb2fe965","Tanner","Rainey",,"0.0",,"P","Washington Nationals","OUT",
"411139cf-4ed5-4387-95a3-8023f5b71c65","Enyel","De Los Santos",,"0.0",,"P","Cleveland Guardians","OUT",
"afe6f93b-dcd2-4b63-aeac-92fea3328925","Bryce","Johnson",,"0.0",,"OF","San Francisco Giants","OUT",
"b00874e7-3010-438f-96aa-1e3c7bbd0082","Zack","Greinke",,"0.0",,"P","Kansas City Royals",,
"b00b89cc-f02c-47a6-b861-bbfde00ff0e5","Nick","Mears",,"0.0",,"P","Colorado Rockies",,
"4110f2dd-5a20-405e-9756-5be21241bf97","Codi","Heuer",,"0.0",,"P","Chicago Cubs","OUT",
"b0757c8e-3ec1-4b00-9330-1acc7b89fc6d","Mitch","Haniger",,"0.0",,"OF","San Francisco Giants","OUT",
"40de3ef8-4214-4d28-9125-417f3afb40b1","JT","Brubaker",,"0.0",,"P","Pittsburgh Pirates","OUT",
"40b60c44-430b-49a5-95db-9726b7f87e5d","Collin","McHugh",,"0.0",,"P","Atlanta Braves","OUT",
"b1d0836d-dd5f-4b7e-a20a-344946f92ddd","Aaron","Nola",,"0.0",,"P","Philadelphia Phillies",,
"3ff74d6e-41de-467e-aa70-7e5a9a8b4058","Zach","Thompson",,"0.0",,"P","Toronto Blue Jays",,
"3f988d83-18a8-43f6-a77e-c9921ee39dc0","J.B.","Bukauskas",,"0.0",,"P","Milwaukee Brewers",,
"b29499b1-66c7-4001-b39c-7ae95d835db4","Andre","Jackson",,"0.0",,"P","Los Angeles Dodgers",,
"b2d6d510-d3e9-4288-b36d-89600786fc54","Aaron","Civale",,"0.0",,"P","Cleveland Guardians","OUT",
"b2e9f0ba-2c8b-4f33-9894-80b184b71834","Evan","White",,"0.0",,"IF","Seattle Mariners","OUT",
"b2fe9b60-94c5-4ae8-af5d-d796f575368e","Cole","Sands",,"0.0",,"P","Minnesota Twins",,
"b30e0d30-7ffa-4fbe-bc7d-453c217525f3","Joe","Musgrove",,"0.0",,"P","San Diego Padres","OUT",
"b33428b8-7e73-48b9-afd5-a413d3f34034","Gilberto","Celestino",,"0.0",,"OF","Minnesota Twins","OUT",
"3f2221c0-bcfe-45fc-b11d-fa6b2e9a489c","Dustin","May",,"0.0",,"P","Los Angeles Dodgers",,
"b365d339-2d5c-4fad-a604-20806cd70b57","Matt","Beaty",,"0.0",,"OF","San Francisco Giants",,
"3e63cd04-7f6c-4373-99dd-38f8ae830c06","Bruce","Zimmermann",,"0.0",,"P","Baltimore Orioles",,
"b3f882e0-6cb2-40fe-8d7f-fae2b76b8df6","Yu","Chang",,"0.0",,"IF","Boston Red Sox","OUT",
"b402fd08-4570-4aa3-b0eb-08f66b3940f2","Peyton","Battenfield",,"0.0",,"P","Cleveland Guardians",,
"b4287ee2-a123-4d49-a04f-7bd9919ff98f","Drey","Jameson",,"0.0",,"P","Arizona Diamondbacks",,
"3b576569-970a-4e11-a919-7f280e692b64","Mychal","Givens",,"0.0",,"P","Baltimore Orioles","OUT",
"3af0d1df-92bb-4ee8-b81b-b9f4cec71e9e","Clarke","Schmidt",,"0.0",,"P","New York Yankees",,
"3a12da8a-7fb7-4362-a07b-8cb40c6e6bce","Gavin","Lux",,"0.0",,"IF","Los Angeles Dodgers","OUT",
"3a0a5f56-61cb-49d9-bc6c-9c8f9eea8c43","Corbin","Burnes",,"0.0",,"P","Milwaukee Brewers","QUESTIONABLE",
"b5ffebea-a96a-4c43-99cc-9e6b1477fa85","Alex","Faedo",,"0.0",,"P","Detroit Tigers",,
"b63420ac-f3e1-4785-ad52-4abdfc9081e8","Tylor","Megill",,"0.0",,"P","New York Mets",,
"b66ba275-46fb-4534-97f2-eaf1f74c3992","Anthony","Bender",,"0.0",,"P","Miami Marlins","OUT",
"b6a731d6-d932-4323-8f52-65b835418c61","Carson","Kelly",,"0.0",,"IF","Arizona Diamondbacks","OUT",
"394f2df3-6ba4-4798-aaaf-921a4f1516f1","Johnny","Cueto",,"0.0",,"P","Miami Marlins","OUT",
"3934d16e-3a88-4c42-a4f6-62cccb54201c","David","Dahl",,"0.0",,"OF","San Diego Padres","OUT",
"b8085f91-43ea-4fdc-be6e-557951bff249","Bryce","Harper",,"0.0",,"OF","Philadelphia Phillies","OUT",
"b875bc57-0bdd-488a-9991-028d8a73bfc6","Pablo","López",,"0.0",,"P","Minnesota Twins",,
"b8af862c-a2dc-4b47-b426-28cce4fc8cbc","Ji Man","Choi",,"0.0",,"IF","Pittsburgh Pirates","OUT",
"b8f6dfd8-1815-4e48-bf92-5b34feaf3f19","Sam","Coonrod",,"0.0",,"P","New York Mets","OUT",
"38d19109-eef2-4c76-9a0d-7d201b7a7f05","Eguy","Rosario",,"0.0",,"IF","San Diego Padres","OUT",
"b90e6a97-a29e-45a0-94cd-53e23d3d3887","Chris","Bassitt",,"0.0",,"P","Toronto Blue Jays",,
"38b6b98c-a41d-4134-8544-4120dd1a1597","Framber","Valdez",,"0.0",,"P","Houston Astros",,
"ba9826d5-9c7d-4490-9514-c06afda9e37f","José","Quintana",,"0.0",,"P","New York Mets","OUT",
"bb10f553-36dc-401a-8ad7-65dc3b8114b7","John","King",,"0.0",,"P","Texas Rangers",,
"bb2a01e9-d5c8-4acb-a874-9b735d94f2ed","Carter","Kieboom",,"0.0",,"IF","Washington Nationals","OUT",
"bbb647de-ec07-4113-a3f4-639c464800bb","Merrill","Kelly",,"0.0",,"P","Arizona Diamondbacks",,
"3869dd08-b58e-430a-bda0-6d5d42c959eb","Tyrone","Taylor",,"0.0",,"OF","Milwaukee Brewers","OUT",
"bc423bbd-8ece-4745-879a-b8bb7a200525","Cory","Abbott",,"0.0",,"P","Washington Nationals",,
"bd28d9ca-b239-4013-8b30-15ceaf0ea1ac","Erich","Uelmen",,"0.0",,"P","Philadelphia Phillies",,
"382dd52e-6ea2-46f8-b230-c0a5df633375","Justin","Verlander",,"0.0",,"P","New York Mets","OUT",
"bd8f7831-a6f5-42b8-a2e4-989cf44a0637","Garrett","Crochet",,"0.0",,"P","Chicago White Sox","OUT",
"bd983525-8514-41c1-9ba2-de015d7037f7","Wyatt","Mills",,"0.0",,"P","Boston Red Sox","OUT",
"379daa0a-7f90-4806-9cd4-c6c6a0bc685e","Jake","Brentz",,"0.0",,"P","Kansas City Royals","OUT",
"37762653-1257-4ce3-90f3-15b6463ef71c","Israel","Pineda",,"0.0",,"IF","Washington Nationals","OUT",
"be69fffd-1c3d-4124-be07-7ae7261f8070","Sixto","Sánchez",,"0.0",,"P","Miami Marlins","OUT",
"bf402455-724f-4d55-91ae-f0fb97a74518","Stephen","Strasburg",,"0.0",,"P","Washington Nationals","OUT",
"351485c9-0e0a-4077-8353-58c74cf690d6","Michael","Plassmeyer",,"0.0",,"P","Philadelphia Phillies",,
"35111afd-a3e3-4204-9f1d-bcc8e8e076f1","Huascar","Ynoa",,"0.0",,"P","Atlanta Braves","OUT",
"bf9fe30e-c941-4d45-9494-6a51e7732a11","JT","Chargois",,"0.0",,"P","Miami Marlins","OUT",
"c0c0c554-3155-4713-92b1-16cde784f9d9","Jesús","Luzardo",,"0.0",,"P","Miami Marlins",,
"c1c7cd30-8e6e-4967-ba91-526997d27b7e","Lance","Lynn",,"0.0",,"P","Chicago White Sox",,
"33edca93-8927-45fe-a201-96b7715b9204","Marcus","Stroman",,"0.0",,"P","Chicago Cubs",,
"33ecd838-4f9a-4b79-83a8-24c9f5d9f7e0","Matthew","Liberatore",,"0.0",,"P","St. Louis Cardinals",,
"337521f1-f5c4-442a-9301-9af4263d83f7","Tommy","Milone",,"0.0",,"P",,,
"c2aac409-2812-41ec-a9ab-d7d9d18f166c","Luis","Ortiz",,"0.0",,"P","Pittsburgh Pirates",,
"c2aeeafe-dd00-4353-acd9-c4c6a7d3cf5a","Kyle","Freeland",,"0.0",,"P","Colorado Rockies",,
"32bd729e-6495-4e2e-8b98-9edc9846bdea","Edmundo","Sosa",,"0.0",,"IF","Philadelphia Phillies","OUT",
"329b1cdd-0869-417e-9834-dbaf649aefcb","Bryce","Montes de Oca",,"0.0",,"P","New York Mets","OUT",
"328fb293-615f-4ed9-bef3-05147226f910","Cody","Morris",,"0.0",,"P","Cleveland Guardians","OUT",
"327d41e6-e384-446d-b821-26219d8f0243","Julio","Teheran",,"0.0",,"P",,,
"327500b2-60c3-43c9-bdf3-3c8457817a89","Freddy","Peralta",,"0.0",,"P","Milwaukee Brewers",,
"c5b5a527-8e03-4ecc-ae69-cb787580e1d8","Janson","Junk",,"0.0",,"P","Milwaukee Brewers",,
"c5b65e3c-4bb8-46ad-9a68-c09cc93a7e08","Domingo","Acevedo",,"0.0",,"P","Oakland Athletics","OUT",
"c5ebc9ac-6dfd-4562-a201-4d57a3f1b792","Jake","Faria",,"0.0",,"P",,,
"31c28c3b-a64d-4343-b931-f8680aaec13d","Glenn","Otto",,"0.0",,"P","Texas Rangers","OUT",
"c656f9ab-f8df-4770-a704-a41cd0819d46","Zack","Weiss",,"0.0",,"P","Los Angeles Angels",,
"c665f0a3-98c7-45fb-907c-c47a4fdce192","Rhys","Hoskins",,"0.0",,"IF","Philadelphia Phillies","OUT",
"3186195c-eebc-4d5f-9548-e9f9efc658ee","Victor","González",,"0.0",,"P","Los Angeles Dodgers",,
"31151bba-8912-4cf2-b7b7-239958fb559c","Matthew","Boyd",,"0.0",,"P","Detroit Tigers",,
"30a506e0-6365-4689-a469-335d6ab51534","Paul","Blackburn",,"0.0",,"P","Oakland Athletics","OUT",
"308998d0-b7d1-4beb-85b0-ea3da1f35f98","Blake","Treinen",,"0.0",,"P","Los Angeles Dodgers","OUT",
"c75f8c85-3a36-433c-9080-7c8326901f6f","Dakota","Hudson",,"0.0",,"P","St. Louis Cardinals",,
"3066688c-4eb0-494a-bcdd-eaf84c89de0a","Rich","Hill",,"0.0",,"P","Pittsburgh Pirates",,
"30656666-f200-4c3d-a877-1cdb47c767a0","Bryce","Elder",,"0.0",,"P","Atlanta Braves",,
"c7ff4a60-e434-4662-8f75-294111f257d9","Jon","Gray",,"0.0",,"P","Texas Rangers","QUESTIONABLE",
"c818d30a-c254-490e-8822-97a72826d441","Sam","Long",,"0.0",,"P",,,
"c8ff2b8e-5034-463d-9eeb-c419ed3e37d4","James","Kaprielian",,"0.0",,"P","Oakland Athletics",,
"c901dcb1-8b89-4733-9241-0d885050bb1a","José","Suarez",,"0.0",,"P","Los Angeles Angels",,
"c9570d4b-7e1e-4978-a877-5c0d7288e264","Joan","Adon",,"0.0",,"P","Washington Nationals",,
"c9bc5258-1912-4898-bd85-4f26dfdbc7d0","Edwin","Díaz",,"0.0",,"P","New York Mets","OUT",
"c9fd6c92-223f-46d8-be47-bcef7cb24be3","Bailey","Ober",,"0.0",,"P","Minnesota Twins",,
"ca47018e-6899-4890-b7cc-6a2412800b3b","Michael","Lorenzen",,"0.0",,"P","Detroit Tigers",,
"2ff9331c-d869-4a0f-a602-d108962cb082","Tyson","Miller",,"0.0",,"P","Milwaukee Brewers",,
"2fc760f6-7f97-42cd-ac63-5bb443968d15","Dylan","Cease",,"0.0",,"P","Chicago White Sox",,
"cabd7764-e034-4582-a24b-4c90994871fb","Chase","Silseth",,"0.0",,"P","Los Angeles Angels",,
"cabf9bff-c797-4001-b90e-e82306709419","Daniel","Hudson",,"0.0",,"P","Los Angeles Dodgers","OUT",
"cb103626-2e80-4c84-9587-d99e034ee8ff","Luis","Frías",,"0.0",,"P","Arizona Diamondbacks",,
"cb42ad49-f9d8-4931-98ad-0a3a965683f4","Simeon","Woods Richardson",,"0.0",,"P","Minnesota Twins",,
"2fa737fd-26b1-4592-a7de-fe4a8882533d","Robert","Suarez",,"0.0",,"P","San Diego Padres","OUT",
"cbe7fb22-725f-444d-9de1-f42e494b38d6","José","Ureña",,"0.0",,"P","Colorado Rockies",,
"2f1a06e6-0e08-420f-a94b-6d0a06352d8a","Enoli","Paredes",,"0.0",,"P","Houston Astros",,
"2e30c84e-bdbd-4a9c-a025-7126b2d27de1","Corey","Dickerson",,"0.0",,"OF","Washington Nationals","OUT",
"cd280499-5fb9-4eff-a211-06e17da1217d","Sean","Manaea",,"0.0",,"P","San Francisco Giants",,
"2d25eba9-f0a0-429f-a609-1db340f22301","Nestor","Cortes",,"0.0",,"P","New York Yankees",,
"cd9063e3-6bbe-4d22-b9a0-8d6831da7237","Jake","Walsh",,"0.0",,"P","St. Louis Cardinals",,
"2d255638-982a-47bf-bd81-03d24aba44c4","Yerry","De Los Santos",,"0.0",,"P","Pittsburgh Pirates",,
"2d187d49-5cdc-4d24-845f-7bb77733b7f1","Kenta","Maeda",,"0.0",,"P","Minnesota Twins",,
"2d16795e-d8e7-43f2-965e-0ba12b56e368","Spencer","Strider",,"0.0",,"P","Atlanta Braves",,
"cdcf711f-9f05-4884-b7be-483500c641b7","Michael","Harris II",,"0.0",,"OF","Atlanta Braves","OUT",
"2ccf9f13-c1a5-4850-afdb-8914233ad18c","Stephen","Nogosek",,"0.0",,"P","New York Mets","OUT",
"2c984987-4207-428b-8d9e-77c8d3398739","Nic","Enright",,"0.0",,"P","Miami Marlins","OUT",
"cf0a5a53-4518-49c4-a832-a7ebf8f301b6","Michael","Brantley",,"0.0",,"OF","Houston Astros","OUT",
"cfb4668c-a15a-41ab-ac6a-0adac0c2869a","Brendan","Donovan",,"0.0",,"IF","St. Louis Cardinals","OUT",
"cfbfab9c-9a3e-4dca-8d2c-201d0151eff8","Raisel","Iglesias",,"0.0",,"P","Atlanta Braves","OUT",
"29ef49fa-783b-435c-a3ea-ad94d19353fd","Dillon","Tate",,"0.0",,"P","Baltimore Orioles","OUT",
"d0640588-8d99-4622-9810-f72690543dce","Tony","Gonsolin",,"0.0",,"P","Los Angeles Dodgers","OUT",
"29eb88c4-06ff-4c7c-990d-f013c32e9ea6","Ranger","Suárez",,"0.0",,"P","Philadelphia Phillies","OUT",
"296cf3e1-2826-431a-b61e-5e69a9f27ca3","Trevor","Williams",,"0.0",,"P","Washington Nationals",,
"d0f2af12-a31e-4f2b-883e-68079886c2b6","Jordan","Luplow",,"0.0",,"OF","Toronto Blue Jays",,
"28854838-aa4d-45bc-be0c-27f8f65beb28","Packy","Naughton",,"0.0",,"P","St. Louis Cardinals","OUT",
"2731db5b-0297-4473-9cd8-40230dc9b7be","Wilking","Rodríguez",,"0.0",,"P","St. Louis Cardinals","OUT",
"d23e4201-17e8-49f1-892e-745bfdf1bc2d","Matt","Strahm",,"0.0",,"P","Philadelphia Phillies","QUESTIONABLE",
"2536e648-ebf6-4506-9886-20b2d3f43677","Gus","Varland",,"0.0",,"P","Milwaukee Brewers","OUT",
"24ec475c-430b-42de-ac52-75b0c3f4b958","Paul","DeJong",,"0.0",,"IF","St. Louis Cardinals","OUT",
"d2fe553b-6a4c-421f-835c-f9e9af2337db","Joc","Pederson",,"0.0",,"OF","San Francisco Giants","OUT",
"2189e274-f7d6-4df5-a06c-2fda0f810d78","Brennan","Bernardino",,"0.0",,"P","Boston Red Sox",,
"d3cf142a-611b-4f41-8e1d-b08d8b6ac399","Brendan","Rodgers",,"0.0",,"IF","Colorado Rockies","OUT",
"214ae781-cf2c-4c2f-bae1-5016d7992ecd","José","Butto",,"0.0",,"P","New York Mets",,
"20c61a27-3590-41b5-a227-a7231329cec6","Dany","Jiménez",,"0.0",,"P","Oakland Athletics","OUT",
"d5a7959a-794b-48b3-b20f-ec9e7fb52bf0","Anthony","Misiewicz",,"0.0",,"P","Arizona Diamondbacks",,
"1ff394d1-ea35-462f-91c9-433217e4a150","Jameson","Taillon",,"0.0",,"P","Chicago Cubs",,
"1fdb0069-1f43-4065-9271-10a89f377644","Ethan","Small",,"0.0",,"P","Milwaukee Brewers",,
"1e9e0ff3-49d1-489e-9c6b-1b9d9fb15ecb","Angel","Zerpa",,"0.0",,"P","Kansas City Royals","OUT",
"1e741add-33ad-47ce-b8e8-72b2d751d276","Ray","Kerr",,"0.0",,"P","San Diego Padres",,
"d652553b-156f-4873-a5e0-0b5a0f64dffd","Tanner","Houck",,"0.0",,"P","Boston Red Sox",,
"d6d18069-0d88-406f-811c-db30e8ddcd49","Dean","Kremer",,"0.0",,"P","Baltimore Orioles",,
"d74d3f9e-faf2-4cf0-8b20-7974defec2a5","Drew","Smyly",,"0.0",,"P","Chicago Cubs",,
"1dfd3ab6-4949-4bae-b06b-0098d3e51511","Braxton","Garrett",,"0.0",,"P","Miami Marlins",,
"1da500e3-df0c-452d-8e1c-321c2ee4fa0b","Matt","Festa",,"0.0",,"P","Seattle Mariners",,
"d81a47b3-df3b-49f6-a973-6b297638d270","Zach","Plesac",,"0.0",,"P","Cleveland Guardians",,
"1d4c053b-421f-427d-932a-6a6baf13e846","Noah","Song",,"0.0",,"P","Philadelphia Phillies","OUT",
"1d16058a-67af-4ae9-9717-9846871e39f9","Trevor","Story",,"0.0",,"IF","Boston Red Sox","OUT",
"d8be784e-189f-4d88-82e5-fc2004170798","Fernando","Tatis Jr.",,"0.0",,"IF","San Diego Padres","OUT",
"d9133320-60b5-4b42-856d-cbdf9722f46d","Austin","Meadows",,"0.0",,"OF","Detroit Tigers","OUT",
"d9380907-b8a9-4632-a788-9ea308186bc9","Jared","Shuster",,"0.0",,"P","Atlanta Braves",,
"1c8c0b15-aeff-4514-a093-df0731ca7627","Konnor","Pilkington",,"0.0",,"P","Cleveland Guardians",,
"1c662220-a16e-4cd7-9b18-f3f65277cd80","Manny","Piña",,"0.0",,"IF","Oakland Athletics","OUT",
"1bb11a14-6c07-475b-83eb-a18041237f4e","Walker","Buehler",,"0.0",,"P","Los Angeles Dodgers","OUT",
"1a267070-8a10-4a22-9560-1858331d49f4","Brayan","Bello",,"0.0",,"P","Boston Red Sox",,
"db5bc3be-504c-42d7-a450-a91439e88a07","Jackson","Kowar",,"0.0",,"P","Kansas City Royals",,
"182cbd41-4731-4f0c-9ae7-244c4bf99b7c","Shintaro","Fujinami",,"0.0",,"P","Oakland Athletics",,
"dbb3cd48-7c5a-41ba-b59d-fc3fbf52d9bf","Omar","Narváez",,"0.0",,"IF","New York Mets","OUT",
"17cf2042-a44b-467b-b80d-d930e52bc79a","Kyle","Muller",,"0.0",,"P","Oakland Athletics",,
"17a82c36-727d-4140-9133-6b28824c3a51","Collin","Snider",,"0.0",,"P","Kansas City Royals",,
"dc2613a4-9f21-4d62-a0e5-4611dae1aacf","Luis","González",,"0.0",,"OF","San Francisco Giants","OUT",
"176f687b-a5cf-4087-a2ab-801199fedcc7","Joe","Barlow",,"0.0",,"P","Texas Rangers",,
"176f1911-1b2b-42dc-927c-10fa4e3d5b06","Kevin","Gausman",,"0.0",,"P","Toronto Blue Jays",,
"00b9fa81-caf6-406f-9c07-bba2116ea785","Kolby","Allard",,"0.0",,"P","Atlanta Braves","OUT",
"009a2d65-6bb8-4dae-b863-cec7bab92bfb","Jordan","Lyles",,"0.0",,"P","Kansas City Royals",,
"164d073a-c949-42a9-9e2d-54e8ee92a0aa","Pedro","Avila",,"0.0",,"P","San Diego Padres",,
"ddc0d9b9-19b5-48ed-ae7c-a00064950258","Danny","Young",,"0.0",,"P","Atlanta Braves",,
"dde49371-db58-4557-9162-8c0e194c4c69","Rob","Zastryzny",,"0.0",,"P","Pittsburgh Pirates","OUT",
"15e5b8c3-da08-435d-8dcb-87a0c3657f5a","Antonio","Senzatela",,"0.0",,"P","Colorado Rockies","OUT",
"de7cc555-fcbe-4089-82a5-ae48ab4f12aa","Garrett","Whitlock",,"0.0",,"P","Boston Red Sox",,
"df8fe3a7-afde-49f6-b10f-b138312a0080","Patrick","Sandoval",,"0.0",,"P","Los Angeles Angels",,
"dfe64f41-5b7a-4f27-80e8-9376a8f29d86","Luis","Castillo",,"0.0",,"P","Seattle Mariners",,
"1511ab84-c671-428e-afc1-6199c71fb61b","Carlos","Rodón",,"0.0",,"P","New York Yankees","OUT",
"e16ea6a1-d96b-45c2-a6e8-a6f2beea6ea0","Tyler","Matzek",,"0.0",,"P","Atlanta Braves","OUT",
"e181ff71-9a63-418d-b541-fc49fe4079a7","Freddy","Tarnok",,"0.0",,"P","Oakland Athletics","OUT",
"14dcc9b1-0e8f-4a88-b29b-0a60c251ad25","Easton","McGee",,"0.0",,"P","Seattle Mariners",,
"e1ccf03d-a3cc-4d97-89c2-321580f321f4","Diego","Hernandez",,"0.0",,"OF","Kansas City Royals","OUT",
"14d2fea5-14a1-4e52-a303-87509fe7724a","Tyler","Mahle",,"0.0",,"P","Minnesota Twins",,
"e2fa3d55-974f-4a14-8b7f-bc0014881f7a","Jose","Altuve",,"0.0",,"IF","Houston Astros","OUT",
"e3a09bb3-11ff-4931-8324-86b0c4bd9064","Justin","Wilson",,"0.0",,"P","Milwaukee Brewers","OUT",
"13e78e74-3a65-4900-92e3-0f6341a44bb0","Hayden","Wesneski",,"0.0",,"P","Chicago Cubs",,
"e3d259a8-d879-4d27-9d87-f6eb1eb47fc5","Tommy","Kahnle",,"0.0",,"P","New York Yankees","OUT",
"13c1bf2b-d51b-45f3-9fc5-0ccf6429ed63","Robbie","Ray",,"0.0",,"P","Seattle Mariners","OUT",
"e40ab393-677d-4b2c-bbdc-ce9a3b027402","Spenser","Watkins",,"0.0",,"P","Baltimore Orioles",,
"e474e9e9-b9ff-486b-9e98-27b1cbf3de42","Ryan","Tepera",,"0.0",,"P","Los Angeles Angels","OUT",
"e4d60030-d736-4952-8e85-0018dba7aacc","Adrian","Sampson",,"0.0",,"P","Chicago Cubs",,
"e5b7d1fa-6660-4c5b-a4d0-72b2e4de5ead","Josiah","Gray",,"0.0",,"P","Washington Nationals",,
"e64f2657-3c3b-4a40-a329-2afb6c28f038","Jared","Walsh",,"0.0",,"IF","Los Angeles Angels","OUT",
"12fdf83b-3961-456b-a4af-45001195a9d6","Freddy","Pacheco",,"0.0",,"P","Detroit Tigers","OUT",
"127d74f1-5207-4d2f-ba4c-007fa48bd24c","Giancarlo","Stanton",,"0.0",,"OF","New York Yankees","OUT",
"e6eb16dc-ee41-4009-8d63-a26728e96bee","Gregory","Santos",,"0.0",,"P","Chicago White Sox",,
"e82df485-1bef-44f5-923b-21709e1a041f","Spencer","Howard",,"0.0",,"P","Texas Rangers","OUT",
"127aa81a-d1f7-462b-ae5f-74214a496bf0","Carlos","Carrasco",,"0.0",,"P","New York Mets","OUT",
"11c757a1-db71-4a4e-942f-250c1dd3dba0","Ken","Waldichuk",,"0.0",,"P","Oakland Athletics",,
"e91a1e56-045c-47cb-b83b-dece311bb99a","Luis","Severino",,"0.0",,"P","New York Yankees","OUT",
"e96d209c-c667-430e-814e-1943712661a8","Joey","Lucchesi",,"0.0",,"P","New York Mets",,
"11b38efe-32c1-4080-973c-c2473f9b97e6","Alex","Reyes",,"0.0",,"P","Los Angeles Dodgers","OUT",
"ea4e75d1-c474-4e38-92cf-de9da8291acf","Kodai","Senga",,"0.0",,"P","New York Mets",,
"ea73d76a-0b41-41bf-b81e-e70102edea06","Yunior","Marte",,"0.0",,"P","Philadelphia Phillies",,
"eb0bf0bf-94ae-4a72-aad4-e4e29e8e298a","Chris","Flexen",,"0.0",,"P","Seattle Mariners",,
"eb340387-8bb0-4e12-bf4f-a990b14dc94f","Ronel","Blanco",,"0.0",,"P","Houston Astros",,
"11ad6c94-b2fe-4cbb-b036-1cb2ac9c0207","Deivi","García",,"0.0",,"P","New York Yankees",,
"eb5d2571-ee6f-4547-bbce-184153fb19af","James","Paxton",,"0.0",,"P","Boston Red Sox","OUT",
"11543a4e-0843-487e-8a34-d63a01fed763","Yusei","Kikuchi",,"0.0",,"P","Toronto Blue Jays",,
"ebea6b89-dda8-45f0-936b-19cbd53da4c9","Matt","Foster",,"0.0",,"P","Chicago White Sox","OUT",
"ec277193-c782-4e7f-ad31-4b46f60cab78","Adam","Wainwright",,"0.0",,"P","St. Louis Cardinals","OUT",
"ed03ddea-68d6-4108-9202-6c27248ca36c","Adalberto","Mondesi",,"0.0",,"IF","Boston Red Sox","OUT",
"1153a9a6-51aa-452c-837c-9674bf7ccff5","Yu","Darvish",,"0.0",,"P","San Diego Padres",,
"0fc4be08-16f3-490a-b0c0-88551d4ceeb4","Brandon","Woodruff",,"0.0",,"P","Milwaukee Brewers","OUT",
"edf9689e-d67b-47db-91e8-f816cea466f1","Max","Kranick",,"0.0",,"P","Pittsburgh Pirates","OUT",
"ef37583f-f74d-46ac-a3c7-a31ad29c485f","Roansy","Contreras",,"0.0",,"P","Pittsburgh Pirates",,
"0f9edd91-4635-44f2-ad88-92e7b9226faa","Luis","Campusano",,"0.0",,"IF","San Diego Padres","OUT",
"f041f723-fe41-41e0-b656-f02cf6517c8c","Brent","Honeywell Jr.",,"0.0",,"P","San Diego Padres",,
"f057647c-630c-4962-97e8-1108daab2d93","Daniel","Castano",,"0.0",,"P","Miami Marlins",,
"0ec813ad-8c1b-4ae9-8a2a-cde9177465ab","Nick","Vespi",,"0.0",,"P","Baltimore Orioles",,
"f0c88b78-e800-4253-b183-bba4983a4c56","Corbin","Martin",,"0.0",,"P","Arizona Diamondbacks","OUT",
"0e480c3a-1877-4c1f-a82e-366aaf043091","Clayton","Kershaw",,"0.0",,"P","Los Angeles Dodgers",,
"f2099fcf-12d1-49bd-b8b9-cc32d8d5a2c5","Colin","Rea",,"0.0",,"P","Milwaukee Brewers",,
"f20df1c7-574b-4c55-bf29-811cf9e9f5e1","Grayson","Rodriguez",,"0.0",,"P","Baltimore Orioles",,
"0de6ae11-5715-449f-8bb6-730e7588d6d2","Zach","Davies",,"0.0",,"P","Arizona Diamondbacks","OUT",
"0c8451af-567f-48be-a638-38f8d0a48696","Jacob","deGrom",,"0.0",,"P","Texas Rangers","QUESTIONABLE",
"f26ac0a5-9b78-403b-a7f4-09148a6fad2e","Cole","Sulser",,"0.0",,"P","Arizona Diamondbacks","OUT",
"0c570323-8b7e-4f2b-bcae-2c8d006a4366","Darick","Hall",,"0.0",,"IF","Philadelphia Phillies","OUT",
"f279a033-15c2-4885-a758-5d23efff84d5","Josh","Donaldson",,"0.0",,"IF","New York Yankees","PROBABLE",
"09b94794-6a64-4d1c-92db-e4aa706f9fac","Orlando","Arcia",,"0.0",,"IF","Atlanta Braves","OUT",
"08d9c79e-cef3-428e-b3f2-89d45d91eb76","Patrick","Corbin",,"0.0",,"P","Washington Nationals",,
"087c855e-6cff-4aa7-b458-96a4acce270c","Tarik","Skubal",,"0.0",,"P","Detroit Tigers","OUT",
"085425df-a3a0-4ec5-b09e-b01882368b96","José","Castillo",,"0.0",,"P","San Diego Padres","OUT",
"07e8e63f-2687-4553-86e9-dd1d4b233cf0","Dylan","Moore",,"0.0",,"OF","Seattle Mariners","OUT",
"07288ea5-3847-45e5-97b0-cf7f19d2f7f4","Joey","Wentz",,"0.0",,"P","Detroit Tigers",,
"06d08776-565b-4231-96fa-a643fad993ec","Matt","Gage",,"0.0",,"P","Houston Astros",,
"f6d15335-cadf-47f2-a60a-864ff4f4f2f3","Kyle","Hendricks",,"0.0",,"P","Chicago Cubs","OUT",
"f6f81354-7b28-45d3-80f4-3026271b8274","Andrew","Heaney",,"0.0",,"P","Texas Rangers",,
"f74d4d5f-0484-4692-b301-61ecfb85a43f","Stephen","Ridings",,"0.0",,"P","New York Mets","OUT",
"f76f2aeb-ac19-458b-9efd-197d9eeaf8ef","Tim","Locastro",,"0.0",,"OF","New York Mets","OUT",
"f81db1dc-7b15-4dc7-9ef9-74fc968ce79d","Chris","Paddack",,"0.0",,"P","Minnesota Twins","OUT",
"06ca54bd-6c02-4e5a-afbf-9536ddbb6c1c","Zac","Gallen",,"0.0",,"P","Arizona Diamondbacks",,
"04845e94-2ad4-4ade-b105-17be21f2412e","Ryne","Nelson",,"0.0",,"P","Arizona Diamondbacks",,
"0439346d-7d0d-48ba-8593-78b7cdc16153","Royce","Lewis",,"0.0",,"IF","Minnesota Twins","OUT",
"779e31e9-00d1-4318-b7e7-15150b75aba4","Dylan","Coleman",,"0.0",,"P","Kansas City Royals",,
"779fc418-d323-41a1-a7f1-9a2284cbfa7b","Caleb","Kilian",,"0.0",,"P","Chicago Cubs",,
"7737b843-21ee-4dfb-bf22-faf259a1a171","Reid","Detmers",,"0.0",,"P","Los Angeles Angels",,
"771aeaa9-a6a9-4c8b-958d-2aa039b044db","Cristian","Javier",,"0.0",,"P","Houston Astros",,
"77f30bb4-6665-4d2f-a067-5c4b55aa202d","Hunter","Brown",,"0.0",,"P","Houston Astros",,
"781b146d-c5ca-420d-8b5a-baa902d22394","Noah","Davis",,"0.0",,"P","Colorado Rockies",,
"78360051-84a8-4989-883b-5e22ff9a0d97","Mitch","Garver",,"0.0",,"IF","Texas Rangers","OUT",
"786c2078-1644-4319-8445-64159af06cf8","Scott","Effross",,"0.0",,"P","New York Yankees","OUT",
"76ca9aa0-9bf9-46f6-96cf-9c054d201c70","Ronny","Henriquez",,"0.0",,"P","Minnesota Twins","OUT",
"791a9fe1-efcc-4e1b-9513-23d851482f1e","Taylor","Hearn",,"0.0",,"P","Texas Rangers",,
"79236037-4abf-47bb-a83e-9a9019b5ee56","Garrett","Mitchell",,"0.0",,"OF","Milwaukee Brewers","QUESTIONABLE",
"79766333-9413-453f-b3e0-23032860950e","Jonathan","Loáisiga",,"0.0",,"P","New York Yankees","OUT",
"79de05d4-295e-4d40-b532-805692c19116","Tyler","Anderson",,"0.0",,"P","Los Angeles Angels",,
"7a2ac119-551c-4983-9aeb-5d687689f029","Joey","Krehbiel",,"0.0",,"P","Baltimore Orioles",,
"766e87a7-a3e8-4aa0-ad2e-c58bb09ae7bd","Alex","Wood",,"0.0",,"P","San Francisco Giants","OUT",
"7b0d78f8-adcc-45e3-97b5-61adb529923b","Travis","d'Arnaud",,"0.0",,"IF","Atlanta Braves","OUT",
"7b128f0b-0e65-40a5-839e-690b5255041c","Blake","Snell",,"0.0",,"P","San Diego Padres",,
"7625559e-dbd3-4023-be5d-64638c882476","Jimmy","Nelson",,"0.0",,"P","Los Angeles Dodgers","OUT",
"7ba0aa8a-d88f-4d54-a176-6bc0a7e847bf","Kyle","Farmer",,"0.0",,"IF","Minnesota Twins","OUT",
"7c34748e-1d31-46a0-a1c7-0d0143d72930","Adrian","Morejon",,"0.0",,"P","San Diego Padres","OUT",
"75e25a80-6e3b-4bb0-ae77-5328d3906a15","Kris","Bubic",,"0.0",,"P","Kansas City Royals","OUT",
"75bfe17c-d904-463c-9727-a1985031cd77","Beau","Brieske",,"0.0",,"P","Detroit Tigers","OUT",
"74b797f5-eca6-4ca9-a934-7d977099789a","Sam","Hentges",,"0.0",,"P","Cleveland Guardians","OUT",
"7cc50944-dae3-4fda-8efc-f2cc3dc16358","Jake","Odorizzi",,"0.0",,"P","Texas Rangers","OUT",
"743b3365-2a3c-4664-b76a-1802bdff56c9","Kirby","Snead",,"0.0",,"P","Oakland Athletics","OUT",
"73cc018a-a607-4a47-8e06-1c2633917a6d","Javier","Assad",,"0.0",,"P","Chicago Cubs",,
"7cf6962c-0801-492d-879c-d32a025eee64","Justin","Garza",,"0.0",,"P","Los Angeles Angels",,
"7d15e8e5-e635-459d-bf04-0c43f79881ec","Wade","Miley",,"0.0",,"P","Milwaukee Brewers",,
"7d4fe436-f0c4-4242-98f0-d950f388db5f","Logan","Webb",,"0.0",,"P","San Francisco Giants",,
"7dcbd356-c0aa-4260-9779-fc6b2621bc47","Lucas","Luetge",,"0.0",,"P","Atlanta Braves","OUT",
"7349addd-8f1d-4ab7-b40a-c085da40dc86","Logan","Gilbert",,"0.0",,"P","Seattle Mariners",,
"7333470a-72c6-48ab-8f13-895af69b7bf9","Brett","Martin",,"0.0",,"P","Texas Rangers","OUT",
"72a2c5e8-05de-4a6d-87c8-4f4b6251c6dc","Christian","Arroyo",,"0.0",,"IF","Boston Red Sox","DOUBTFUL",
"726041cf-d4ee-47b7-8b78-1dfd0b3d948a","Randal","Grichuk",,"0.0",,"OF","Colorado Rockies","OUT",
"7fd8f5a5-fb38-44ac-8632-004378446ca6","Gerrit","Cole",,"0.0",,"P","New York Yankees",,
"7ffdff03-1bcf-4a9f-acbf-2c6a5cbdf893","Rafael","Marchán",,"0.0",,"IF","Philadelphia Phillies","OUT",
"80310d49-1d1e-4af1-959c-ec72db7bcfd0","Trevor","Megill",,"0.0",,"P","Minnesota Twins",,
"725ea275-349c-4914-960d-fe11d3640131","Shane","Bieber",,"0.0",,"P","Cleveland Guardians",,
"71b18931-2fc6-4f6f-bd64-fc8b73485c7f","Yerry","Rodríguez",,"0.0",,"P","Texas Rangers",,
"8104cf17-9596-488d-a38f-2178c08e3322","Drew","Pomeranz",,"0.0",,"P","San Diego Padres","OUT",
"714ee64f-1910-44ff-8563-69babae1fcc6","Jarlín","García",,"0.0",,"P","Pittsburgh Pirates","OUT",
"707524a5-733f-40ad-bc84-1e5da76b4955","Zack","Kelly",,"0.0",,"P","Boston Red Sox","OUT",
"7074d2a6-4f38-4b3b-b53b-ebb861c2e0bb","Sean","Bouchard",,"0.0",,"IF","Colorado Rockies","OUT",
"7024954b-52ec-4f28-92b8-5f1828a01035","Adam","Duvall",,"0.0",,"OF","Boston Red Sox","OUT",
"6d73b289-eae4-4495-8175-2cf81b5bed99","Ildemaro","Vargas",,"0.0",,"IF","Washington Nationals","OUT",
"83ae86a8-26bb-4f61-9e00-1041e87cdee5","Chase","De Jong",,"0.0",,"P","Pittsburgh Pirates","OUT",
"6be89784-198c-4eda-9a00-9c7261557307","Liam","Hendriks",,"0.0",,"P","Chicago White Sox","OUT",
"6bda71cf-2a85-40c1-b1a1-280e17fe0d25","Sonny","Gray",,"0.0",,"P","Minnesota Twins",,
"841a41b2-b6bc-42ee-b6a6-853f4d2d3465","Michael","Conforto",,"0.0",,"OF","San Francisco Giants","OUT",
"84ac1b39-4fc3-4f09-b969-17601654a8f1","Michael","Grove",,"0.0",,"P","Los Angeles Dodgers",,
"85b6c5a1-33d0-4adf-8679-e16d672e7d93","Jack","Flaherty",,"0.0",,"P","St. Louis Cardinals",,
"6b37289c-00d6-4415-b320-1fbcdcd095f9","Alex","Kirilloff",,"0.0",,"OF","Minnesota Twins","OUT",
"6af20063-cfc8-4aab-812a-2646c95936e5","Jordan","Montgomery",,"0.0",,"P","St. Louis Cardinals",,
"86e6ee9f-1e86-4e73-981e-5aff0e786d47","Steven","Okert",,"0.0",,"P","Miami Marlins","OUT",
"878a5942-33ff-470f-ae5b-5d31a5b515d7","Lucas","Giolito",,"0.0",,"P","Chicago White Sox",,
"88634e71-acd1-4597-a994-81af109cdd2a","Chris","Sale",,"0.0",,"P","Boston Red Sox",,
"68310a5b-14e3-47bf-a7bd-5b2bbab36ab7","Adrian","Houser",,"0.0",,"P","Milwaukee Brewers","OUT",
"888c647b-797b-4100-84f0-061730d3c18a","Eduardo","Rodriguez",,"0.0",,"P","Detroit Tigers",,
"67e5b8d0-efd6-46e3-9c26-b88b85fcf7a2","Max","Castillo",,"0.0",,"P","Kansas City Royals",,
"88f4e945-6970-4ade-90c6-e3f2d533dc1f","DL","Hall",,"0.0",,"P","Baltimore Orioles",,
"88f68bc4-6db1-4f0a-b85f-85d4134cc777","Oneil","Cruz",,"0.0",,"IF","Pittsburgh Pirates","OUT",
"8902861b-5349-40ce-8880-bb49e2820866","Ryan","Rolison",,"0.0",,"P","Colorado Rockies","OUT",
"89a08fdf-4ff5-4bb5-9467-a0b842151d78","Michael","Wacha",,"0.0",,"P","San Diego Padres",,
"67c9234e-12a2-47bc-bd5f-621855a30749","Sam","Haggerty",,"0.0",,"OF","Seattle Mariners","OUT",
"67903230-5072-4a61-af6c-b5e3b5abd810","Vince","Velasquez",,"0.0",,"P","Pittsburgh Pirates",,
"6649584a-ed70-4d50-b767-cc0d7706e6b7","Mitch","White",,"0.0",,"P","Toronto Blue Jays","OUT",
"65496064-581a-4386-bdcc-b1b0e1a65b59","Jonathan","Heasley",,"0.0",,"P","Kansas City Royals",,
"64a5ee3f-e7c1-4d8c-ad09-09aca0f72634","Ryan","Feltner",,"0.0",,"P","Colorado Rockies",,
"64119a0d-62dc-4b98-b75e-6672fd675052","Michael","Soroka",,"0.0",,"P","Atlanta Braves",,
"63e95141-1ec3-46d8-970f-ac3340ce9ee7","JP","Sears",,"0.0",,"P","Oakland Athletics",,
"62eb78ea-f580-4bc2-a962-1926943e0dfa","Kyle","Gibson",,"0.0",,"P","Baltimore Orioles",,
"623e5e7e-8fef-4082-9998-f713b6227f5e","Domingo","Tapia",,"0.0",,"P","San Diego Padres",,
"6211ac34-49e6-4dae-9c67-b2d8aba47283","Joey","Wendle",,"0.0",,"IF","Miami Marlins","OUT",
"8c5242cf-0ab0-430d-a023-435858df628e","Zack","Wheeler",,"0.0",,"P","Philadelphia Phillies",,
"8c8f7259-f8f8-444f-adf7-232962576bbf","Nolan","Jones",,"0.0",,"OF","Colorado Rockies",,
"604306d6-62ee-4997-bc37-422d154f1107","Matt","Manning",,"0.0",,"P","Detroit Tigers","OUT",
"8da41501-382e-4b27-8cd9-104321334b62","Seth","Brown",,"0.0",,"OF","Oakland Athletics","OUT",
"8dc225b4-df39-4825-acc4-f752dd6b1074","Luis","Gil",,"0.0",,"P","New York Yankees","OUT",
"8dd6ff6f-fb28-442b-a431-1b6b66e2600a","Alek","Manoah",,"0.0",,"P","Toronto Blue Jays",,
"5e9fda42-beb6-4632-8700-85028d33f930","Lance","McCullers Jr.",,"0.0",,"P","Houston Astros","OUT",
"8e0549e9-4d4d-4efd-a8bf-b6d124adfb71","Seth","Elledge",,"0.0",,"P","New York Mets",,
"8eaba3d1-9a4d-45e9-8ff3-035ca4d13be1","Dylan","Dodd",,"0.0",,"P","Atlanta Braves",,
"8eafe448-1eec-4569-8d5f-792924115e41","Jason","Alexander",,"0.0",,"P","Milwaukee Brewers","OUT",
"5ddbb332-f5ab-4a52-bfdf-f95a7cfbcd4f","Darren","McCaughan",,"0.0",,"P","Seattle Mariners",,
"5d48eb6a-b900-40a5-a96c-b0ccda8c9790","Hanser","Alberto",,"0.0",,"IF","Chicago White Sox","OUT",
"902a5a23-2fee-4100-9d8a-1b34229c9deb","Corey","Seager",,"0.0",,"IF","Texas Rangers","OUT",
"906a59ce-e9ae-4482-8c89-06e3a149a614","Cristopher","Sánchez",,"0.0",,"P","Philadelphia Phillies","OUT",
"5cb7f4c2-a385-45dd-98ec-73fc28876d33","Chris","Martin",,"0.0",,"P","Boston Red Sox","OUT",
"5bb0c16b-5df4-4fb3-9aad-ce687924d444","Garrett","Hill",,"0.0",,"P","Detroit Tigers",,
"5afeb8f1-0827-4549-adc0-5faeb38b1b71","Max","Fried",,"0.0",,"P","Atlanta Braves",,
"91809d57-9f71-48ca-a494-7c74fdce68f2","Jordan","Weems",,"0.0",,"P","Washington Nationals",,
"5a9496a7-1f9f-425c-9cce-edf06a10e3d3","Kyle","Lewis",,"0.0",,"OF","Arizona Diamondbacks","OUT",
"9232feac-db26-4590-ad0d-704719158801","Edward","Cabrera",,"0.0",,"P","Miami Marlins",,
"597d85bd-baad-4960-ae43-9df3d14b1b08","Connor","Seabold",,"0.0",,"P","Colorado Rockies",,
"57787310-753d-4617-a497-5f0138190bc8","Jake","Cousins",,"0.0",,"P","Milwaukee Brewers",,
"92f84012-e57e-4e47-b1ec-17cce5f8c68f","Luke","Jackson",,"0.0",,"P","San Francisco Giants","OUT",
"9345c9c1-cd91-4473-ade1-c56f2830fa37","Gavin","Hollowell",,"0.0",,"P","Colorado Rockies","OUT",
"575296fa-dfc5-4b04-8a50-db24f4f290a6","Harrison","Bader",,"0.0",,"OF","New York Yankees","OUT",
"96397a54-3d63-46c5-82c8-1c1139fecbf5","Ben","Rortvedt",,"0.0",,"IF","New York Yankees","OUT",
"56b62026-2c24-48b1-a5a6-2971efa99a79","Mark","Melancon",,"0.0",,"P","Arizona Diamondbacks","OUT",
"569a48d7-089a-4d95-a511-12fb6ebe30a1","Chad","Kuhl",,"0.0",,"P","Washington Nationals",,
"566a8dc6-f4a7-401d-9d2f-f2f95af225b3","George","Kirby",,"0.0",,"P","Seattle Mariners",,
"562deebd-2d51-4d38-9e6f-5d0a6ff4da98","J.P.","Feyereisen",,"0.0",,"P","Los Angeles Dodgers","OUT",
"55f78fc0-ba14-4817-b0c8-5e74a71b4f2c","Sandy","Alcantara",,"0.0",,"P","Miami Marlins",,
"55692d9c-7a87-418c-9265-939128dd5c88","Thomas","Hatch",,"0.0",,"P","Toronto Blue Jays",,
"97cf4e3c-928e-48eb-b8c9-b55c54660349","Jay","Jackson",,"0.0",,"P","Toronto Blue Jays",,
"97e8968d-8c75-4d03-98c7-81a5c59fa1c7","Will","Vest",,"0.0",,"P","Detroit Tigers",,
"97f156e0-efb1-43db-93c3-f27fa2711c3a","Hyun Jin","Ryu",,"0.0",,"P","Toronto Blue Jays","OUT",
"98992795-9379-4cf1-a120-6b60f7e53ad5","Parker","Mushinski",,"0.0",,"P","Houston Astros","OUT",
"54abee09-c2cf-45d4-bcf6-f297d87b354e","Nick","Pivetta",,"0.0",,"P","Boston Red Sox",,
"99689ccb-b14d-4613-879a-6e27321d980d","Mitch","Keller",,"0.0",,"P","Pittsburgh Pirates",,
"99ccbd81-f137-456b-9706-c6bb4868495f","Peter","Lambert",,"0.0",,"P","Colorado Rockies",,
"99daabd7-c884-492f-9841-ac9d92a4dabc","Tyler","Kinley",,"0.0",,"P","Colorado Rockies","OUT",
"9a14e3b8-4db8-448b-95bf-dd3960563d6e","Andrés","Muñoz",,"0.0",,"P","Seattle Mariners","OUT",
"9a49eb02-ed73-4ac7-af7d-4fcc0c22cb06","Nick","Nelson",,"0.0",,"P","Philadelphia Phillies","OUT",
"5367260e-8b46-4c67-8fa0-930884af4ba3","Josh","Winder",,"0.0",,"P","Minnesota Twins","OUT",
"9a7a2adc-bcde-4b36-9279-a81586a8d04c","Max","Meyer",,"0.0",,"P","Miami Marlins","OUT",
"9a860af5-6cb3-4f61-b657-c879907b10a1","Víctor","Arano",,"0.0",,"P","Washington Nationals","OUT",
"fec86471-044f-4786-80cf-13cd0226dd87","Germán","Márquez",,"0.0",,"P","Colorado Rockies","OUT",
"01219654-803b-41d5-800a-6f936152baf6","Paolo","Espino",,"0.0",,"P","Washington Nationals","OUT",
"0108a58e-9e3a-42b1-90f4-5dcdb691daea","Ethan","Roberts",,"0.0",,"P","Chicago Cubs","OUT",
"fa650e8b-58ba-41c3-b4e4-8f233c06f419","Cole","Waites",,"0.0",,"P","San Francisco Giants",,
"040a5eb3-8d29-4de2-8159-a41e7d81f5f0","David","Peterson",,"0.0",,"P","New York Mets",,
"0250660e-36dc-4723-b1ca-4c43d57e752c","Jorge","Polanco",,"0.0",,"IF","Minnesota Twins","OUT",
"fcdb4f74-e254-4af3-94ea-c653e7cc9d6d","Trent","Thornton",,"0.0",,"P","Toronto Blue Jays",,
"025054d3-9102-4b43-895e-a87dc925cf06","Blake","Taylor",,"0.0",,"P","Houston Astros",,
"fd33d5cc-b875-43af-acc3-136ea89a0f30","Tommy","Nance",,"0.0",,"P","Miami Marlins","OUT",
"fe0b7f05-0910-4cb8-ada3-581b838f63ea","John","Means",,"0.0",,"P","Baltimore Orioles","OUT",
"08bc0ecc-478b-43b3-89b3-811c0777afeb","Tayler","Saucedo",,"0.0",,"P","Seattle Mariners",,
"c4149a67-23e7-4d61-bb2e-fa2a9c645378","Xzavion","Curry",,"0.0",,"P","Cleveland Guardians",,
"f5243d23-85c1-4701-ac59-1786df5a046d","Javy","Guerra",,"0.0",,"P","Milwaukee Brewers",,
"23183f87-08f1-44bb-800b-0592c1854a1b","Elvis","Peguero",,"0.0",,"P","Milwaukee Brewers",,